event,circuit,category,rank,team,weighted_speed_delta_vs_mercedes_pct,time_weight_seconds,segment_count,segments
fastf1_2026_australia_grand_prix,Albert Park Circuit,Slow corners,1,McLaren,0.136,22.514526,3,"seg_02, seg_04, seg_10"
fastf1_2026_australia_grand_prix,Albert Park Circuit,Slow corners,2,Mercedes,0.000,22.514526,3,"seg_02, seg_04, seg_10"
fastf1_2026_australia_grand_prix,Albert Park Circuit,Slow corners,3,Ferrari,-0.137,22.514526,3,"seg_02, seg_04, seg_10"
fastf1_2026_australia_grand_prix,Albert Park Circuit,Slow corners,4,Red Bull Racing,-0.209,22.514526,3,"seg_02, seg_04, seg_10"
fastf1_2026_australia_grand_prix,Albert Park Circuit,Slow corners,5,Audi,-0.317,22.514526,3,"seg_02, seg_04, seg_10"
fastf1_2026_australia_grand_prix,Albert Park Circuit,Slow corners,6,Aston Martin,-1.418,22.514526,3,"seg_02, seg_04, seg_10"
fastf1_2026_australia_grand_prix,Albert Park Circuit,Slow corners,7,Williams,-1.759,22.514526,3,"seg_02, seg_04, seg_10"
fastf1_2026_australia_grand_prix,Albert Park Circuit,Slow corners,8,Alpine,-3.006,22.514526,3,"seg_02, seg_04, seg_10"
fastf1_2026_australia_grand_prix,Albert Park Circuit,Slow corners,9,Racing Bulls,-3.037,22.514526,3,"seg_02, seg_04, seg_10"
fastf1_2026_australia_grand_prix,Albert Park Circuit,Slow corners,10,Haas F1 Team,-3.401,22.514526,3,"seg_02, seg_04, seg_10"
fastf1_2026_australia_grand_prix,Albert Park Circuit,Slow corners,11,Cadillac,-6.345,22.514526,3,"seg_02, seg_04, seg_10"
fastf1_2026_australia_grand_prix,Albert Park Circuit,Fast corners,1,Mercedes,0.000,26.054534,3,"seg_05, seg_07, seg_09"
fastf1_2026_australia_grand_prix,Albert Park Circuit,Fast corners,2,McLaren,-0.279,26.054534,3,"seg_05, seg_07, seg_09"
fastf1_2026_australia_grand_prix,Albert Park Circuit,Fast corners,3,Ferrari,-1.270,26.054534,3,"seg_05, seg_07, seg_09"
fastf1_2026_australia_grand_prix,Albert Park Circuit,Fast corners,4,Audi,-1.577,26.054534,3,"seg_05, seg_07, seg_09"
fastf1_2026_australia_grand_prix,Albert Park Circuit,Fast corners,5,Alpine,-2.633,26.054534,3,"seg_05, seg_07, seg_09"
fastf1_2026_australia_grand_prix,Albert Park Circuit,Fast corners,6,Haas F1 Team,-3.135,26.054534,3,"seg_05, seg_07, seg_09"
fastf1_2026_australia_grand_prix,Albert Park Circuit,Fast corners,7,Red Bull Racing,-3.205,26.054534,3,"seg_05, seg_07, seg_09"
fastf1_2026_australia_grand_prix,Albert Park Circuit,Fast corners,8,Racing Bulls,-3.609,26.054534,3,"seg_05, seg_07, seg_09"
fastf1_2026_australia_grand_prix,Albert Park Circuit,Fast corners,9,Williams,-3.713,26.054534,3,"seg_05, seg_07, seg_09"
fastf1_2026_australia_grand_prix,Albert Park Circuit,Fast corners,10,Aston Martin,-4.587,26.054534,3,"seg_05, seg_07, seg_09"
fastf1_2026_australia_grand_prix,Albert Park Circuit,Fast corners,11,Cadillac,-8.271,26.054534,3,"seg_05, seg_07, seg_09"
fastf1_2026_australia_grand_prix,Albert Park Circuit,Straights,1,Ferrari,0.082,35.513325,5,"seg_01, seg_03, seg_06, seg_08, seg_11"
fastf1_2026_australia_grand_prix,Albert Park Circuit,Straights,2,Mercedes,0.000,35.513325,5,"seg_01, seg_03, seg_06, seg_08, seg_11"
fastf1_2026_australia_grand_prix,Albert Park Circuit,Straights,3,Racing Bulls,-0.321,35.513325,5,"seg_01, seg_03, seg_06, seg_08, seg_11"
fastf1_2026_australia_grand_prix,Albert Park Circuit,Straights,4,Alpine,-0.400,35.513325,5,"seg_01, seg_03, seg_06, seg_08, seg_11"
fastf1_2026_australia_grand_prix,Albert Park Circuit,Straights,5,McLaren,-0.635,35.513325,5,"seg_01, seg_03, seg_06, seg_08, seg_11"
fastf1_2026_australia_grand_prix,Albert Park Circuit,Straights,6,Haas F1 Team,-1.106,35.513325,5,"seg_01, seg_03, seg_06, seg_08, seg_11"
fastf1_2026_australia_grand_prix,Albert Park Circuit,Straights,7,Williams,-1.339,35.513325,5,"seg_01, seg_03, seg_06, seg_08, seg_11"
fastf1_2026_australia_grand_prix,Albert Park Circuit,Straights,8,Audi,-1.548,35.513325,5,"seg_01, seg_03, seg_06, seg_08, seg_11"
fastf1_2026_australia_grand_prix,Albert Park Circuit,Straights,9,Red Bull Racing,-1.675,35.513325,5,"seg_01, seg_03, seg_06, seg_08, seg_11"
fastf1_2026_australia_grand_prix,Albert Park Circuit,Straights,10,Cadillac,-3.315,35.513325,5,"seg_01, seg_03, seg_06, seg_08, seg_11"
fastf1_2026_australia_grand_prix,Albert Park Circuit,Straights,11,Aston Martin,-5.043,35.513325,5,"seg_01, seg_03, seg_06, seg_08, seg_11"
fastf1_2026_barcelona_grand_prix,Circuit de Barcelona-Catalunya,Slow corners,1,Ferrari,3.074,27.691867,3,"seg_02, seg_05, seg_08"
fastf1_2026_barcelona_grand_prix,Circuit de Barcelona-Catalunya,Slow corners,2,McLaren,2.057,27.691867,3,"seg_02, seg_05, seg_08"
fastf1_2026_barcelona_grand_prix,Circuit de Barcelona-Catalunya,Slow corners,3,Red Bull Racing,1.358,27.691867,3,"seg_02, seg_05, seg_08"
fastf1_2026_barcelona_grand_prix,Circuit de Barcelona-Catalunya,Slow corners,4,Williams,0.348,27.691867,3,"seg_02, seg_05, seg_08"
fastf1_2026_barcelona_grand_prix,Circuit de Barcelona-Catalunya,Slow corners,5,Mercedes,0.000,27.691867,3,"seg_02, seg_05, seg_08"
fastf1_2026_barcelona_grand_prix,Circuit de Barcelona-Catalunya,Slow corners,6,Alpine,-0.725,27.691867,3,"seg_02, seg_05, seg_08"
fastf1_2026_barcelona_grand_prix,Circuit de Barcelona-Catalunya,Slow corners,7,Haas F1 Team,-1.694,27.691867,3,"seg_02, seg_05, seg_08"
fastf1_2026_barcelona_grand_prix,Circuit de Barcelona-Catalunya,Slow corners,8,Audi,-1.989,27.691867,3,"seg_02, seg_05, seg_08"
fastf1_2026_barcelona_grand_prix,Circuit de Barcelona-Catalunya,Slow corners,9,Racing Bulls,-2.134,27.691867,3,"seg_02, seg_05, seg_08"
fastf1_2026_barcelona_grand_prix,Circuit de Barcelona-Catalunya,Slow corners,10,Cadillac,-4.030,27.691867,3,"seg_02, seg_05, seg_08"
fastf1_2026_barcelona_grand_prix,Circuit de Barcelona-Catalunya,Slow corners,11,Aston Martin,-5.197,27.691867,3,"seg_02, seg_05, seg_08"
fastf1_2026_barcelona_grand_prix,Circuit de Barcelona-Catalunya,Fast corners,1,Ferrari,1.546,41.968326,4,"seg_03, seg_04, seg_06, seg_09"
fastf1_2026_barcelona_grand_prix,Circuit de Barcelona-Catalunya,Fast corners,2,Red Bull Racing,0.701,41.968326,4,"seg_03, seg_04, seg_06, seg_09"
fastf1_2026_barcelona_grand_prix,Circuit de Barcelona-Catalunya,Fast corners,3,Mercedes,0.000,41.968326,4,"seg_03, seg_04, seg_06, seg_09"
fastf1_2026_barcelona_grand_prix,Circuit de Barcelona-Catalunya,Fast corners,4,McLaren,-0.299,41.968326,4,"seg_03, seg_04, seg_06, seg_09"
fastf1_2026_barcelona_grand_prix,Circuit de Barcelona-Catalunya,Fast corners,5,Alpine,-1.204,41.968326,4,"seg_03, seg_04, seg_06, seg_09"
fastf1_2026_barcelona_grand_prix,Circuit de Barcelona-Catalunya,Fast corners,6,Williams,-2.284,41.968326,4,"seg_03, seg_04, seg_06, seg_09"
fastf1_2026_barcelona_grand_prix,Circuit de Barcelona-Catalunya,Fast corners,7,Audi,-2.451,41.968326,4,"seg_03, seg_04, seg_06, seg_09"
fastf1_2026_barcelona_grand_prix,Circuit de Barcelona-Catalunya,Fast corners,8,Racing Bulls,-2.562,41.968326,4,"seg_03, seg_04, seg_06, seg_09"
fastf1_2026_barcelona_grand_prix,Circuit de Barcelona-Catalunya,Fast corners,9,Haas F1 Team,-3.167,41.968326,4,"seg_03, seg_04, seg_06, seg_09"
fastf1_2026_barcelona_grand_prix,Circuit de Barcelona-Catalunya,Fast corners,10,Cadillac,-6.295,41.968326,4,"seg_03, seg_04, seg_06, seg_09"
fastf1_2026_barcelona_grand_prix,Circuit de Barcelona-Catalunya,Fast corners,11,Aston Martin,-6.430,41.968326,4,"seg_03, seg_04, seg_06, seg_09"
fastf1_2026_barcelona_grand_prix,Circuit de Barcelona-Catalunya,Straights,1,Mercedes,0.000,12.641990,2,"seg_01, seg_07"
fastf1_2026_barcelona_grand_prix,Circuit de Barcelona-Catalunya,Straights,2,Red Bull Racing,-0.089,12.641990,2,"seg_01, seg_07"
fastf1_2026_barcelona_grand_prix,Circuit de Barcelona-Catalunya,Straights,3,Ferrari,-0.422,12.641990,2,"seg_01, seg_07"
fastf1_2026_barcelona_grand_prix,Circuit de Barcelona-Catalunya,Straights,4,McLaren,-0.619,12.641990,2,"seg_01, seg_07"
fastf1_2026_barcelona_grand_prix,Circuit de Barcelona-Catalunya,Straights,5,Audi,-0.938,12.641990,2,"seg_01, seg_07"
fastf1_2026_barcelona_grand_prix,Circuit de Barcelona-Catalunya,Straights,6,Racing Bulls,-1.203,12.641990,2,"seg_01, seg_07"
fastf1_2026_barcelona_grand_prix,Circuit de Barcelona-Catalunya,Straights,7,Alpine,-1.511,12.641990,2,"seg_01, seg_07"
fastf1_2026_barcelona_grand_prix,Circuit de Barcelona-Catalunya,Straights,8,Haas F1 Team,-1.574,12.641990,2,"seg_01, seg_07"
fastf1_2026_barcelona_grand_prix,Circuit de Barcelona-Catalunya,Straights,9,Williams,-1.638,12.641990,2,"seg_01, seg_07"
fastf1_2026_barcelona_grand_prix,Circuit de Barcelona-Catalunya,Straights,10,Cadillac,-2.384,12.641990,2,"seg_01, seg_07"
fastf1_2026_barcelona_grand_prix,Circuit de Barcelona-Catalunya,Straights,11,Aston Martin,-5.017,12.641990,2,"seg_01, seg_07"
fastf1_2026_canadian_grand_prix,Circuit Gilles-Villeneuve,Slow corners,1,Mercedes,0.000,45.773032,5,"seg_02, seg_04, seg_06, seg_08, seg_10"
fastf1_2026_canadian_grand_prix,Circuit Gilles-Villeneuve,Slow corners,2,Ferrari,-1.481,45.773032,5,"seg_02, seg_04, seg_06, seg_08, seg_10"
fastf1_2026_canadian_grand_prix,Circuit Gilles-Villeneuve,Slow corners,3,Red Bull Racing,-1.910,45.773032,5,"seg_02, seg_04, seg_06, seg_08, seg_10"
fastf1_2026_canadian_grand_prix,Circuit Gilles-Villeneuve,Slow corners,4,Audi,-2.364,45.773032,5,"seg_02, seg_04, seg_06, seg_08, seg_10"
fastf1_2026_canadian_grand_prix,Circuit Gilles-Villeneuve,Slow corners,5,Racing Bulls,-3.033,45.773032,5,"seg_02, seg_04, seg_06, seg_08, seg_10"
fastf1_2026_canadian_grand_prix,Circuit Gilles-Villeneuve,Slow corners,6,McLaren,-3.064,45.773032,5,"seg_02, seg_04, seg_06, seg_08, seg_10"
fastf1_2026_canadian_grand_prix,Circuit Gilles-Villeneuve,Slow corners,7,Haas F1 Team,-3.330,45.773032,5,"seg_02, seg_04, seg_06, seg_08, seg_10"
fastf1_2026_canadian_grand_prix,Circuit Gilles-Villeneuve,Slow corners,8,Alpine,-3.919,45.773032,5,"seg_02, seg_04, seg_06, seg_08, seg_10"
fastf1_2026_canadian_grand_prix,Circuit Gilles-Villeneuve,Slow corners,9,Williams,-4.236,45.773032,5,"seg_02, seg_04, seg_06, seg_08, seg_10"
fastf1_2026_canadian_grand_prix,Circuit Gilles-Villeneuve,Slow corners,10,Cadillac,-6.287,45.773032,5,"seg_02, seg_04, seg_06, seg_08, seg_10"
fastf1_2026_canadian_grand_prix,Circuit Gilles-Villeneuve,Slow corners,11,Aston Martin,-7.949,45.773032,5,"seg_02, seg_04, seg_06, seg_08, seg_10"
fastf1_2026_canadian_grand_prix,Circuit Gilles-Villeneuve,Fast corners,1,Red Bull Racing,1.425,4.707362,1,seg_03
fastf1_2026_canadian_grand_prix,Circuit Gilles-Villeneuve,Fast corners,2,Alpine,0.481,4.707362,1,seg_03
fastf1_2026_canadian_grand_prix,Circuit Gilles-Villeneuve,Fast corners,3,Racing Bulls,0.165,4.707362,1,seg_03
fastf1_2026_canadian_grand_prix,Circuit Gilles-Villeneuve,Fast corners,4,Mercedes,0.000,4.707362,1,seg_03
fastf1_2026_canadian_grand_prix,Circuit Gilles-Villeneuve,Fast corners,5,Audi,-0.426,4.707362,1,seg_03
fastf1_2026_canadian_grand_prix,Circuit Gilles-Villeneuve,Fast corners,6,McLaren,-1.075,4.707362,1,seg_03
fastf1_2026_canadian_grand_prix,Circuit Gilles-Villeneuve,Fast corners,7,Ferrari,-2.135,4.707362,1,seg_03
fastf1_2026_canadian_grand_prix,Circuit Gilles-Villeneuve,Fast corners,8,Williams,-2.349,4.707362,1,seg_03
fastf1_2026_canadian_grand_prix,Circuit Gilles-Villeneuve,Fast corners,9,Haas F1 Team,-2.421,4.707362,1,seg_03
fastf1_2026_canadian_grand_prix,Circuit Gilles-Villeneuve,Fast corners,10,Aston Martin,-4.449,4.707362,1,seg_03
fastf1_2026_canadian_grand_prix,Circuit Gilles-Villeneuve,Fast corners,11,Cadillac,-4.662,4.707362,1,seg_03
fastf1_2026_canadian_grand_prix,Circuit Gilles-Villeneuve,Straights,1,Red Bull Racing,2.415,25.716590,5,"seg_01, seg_05, seg_07, seg_09, seg_11"
fastf1_2026_canadian_grand_prix,Circuit Gilles-Villeneuve,Straights,2,Ferrari,2.173,25.716590,5,"seg_01, seg_05, seg_07, seg_09, seg_11"
fastf1_2026_canadian_grand_prix,Circuit Gilles-Villeneuve,Straights,3,Alpine,1.831,25.716590,5,"seg_01, seg_05, seg_07, seg_09, seg_11"
fastf1_2026_canadian_grand_prix,Circuit Gilles-Villeneuve,Straights,4,McLaren,1.082,25.716590,5,"seg_01, seg_05, seg_07, seg_09, seg_11"
fastf1_2026_canadian_grand_prix,Circuit Gilles-Villeneuve,Straights,5,Racing Bulls,0.741,25.716590,5,"seg_01, seg_05, seg_07, seg_09, seg_11"
fastf1_2026_canadian_grand_prix,Circuit Gilles-Villeneuve,Straights,6,Haas F1 Team,0.400,25.716590,5,"seg_01, seg_05, seg_07, seg_09, seg_11"
fastf1_2026_canadian_grand_prix,Circuit Gilles-Villeneuve,Straights,7,Mercedes,0.000,25.716590,5,"seg_01, seg_05, seg_07, seg_09, seg_11"
fastf1_2026_canadian_grand_prix,Circuit Gilles-Villeneuve,Straights,8,Williams,-0.262,25.716590,5,"seg_01, seg_05, seg_07, seg_09, seg_11"
fastf1_2026_canadian_grand_prix,Circuit Gilles-Villeneuve,Straights,9,Audi,-0.662,25.716590,5,"seg_01, seg_05, seg_07, seg_09, seg_11"
fastf1_2026_canadian_grand_prix,Circuit Gilles-Villeneuve,Straights,10,Cadillac,-0.907,25.716590,5,"seg_01, seg_05, seg_07, seg_09, seg_11"
fastf1_2026_canadian_grand_prix,Circuit Gilles-Villeneuve,Straights,11,Aston Martin,-3.199,25.716590,5,"seg_01, seg_05, seg_07, seg_09, seg_11"
fastf1_2026_china_grand_prix,Shanghai International Circuit,Slow corners,1,Mercedes,0.000,41.711693,5,"seg_03, seg_05, seg_07, seg_09, seg_12"
fastf1_2026_china_grand_prix,Shanghai International Circuit,Slow corners,2,Alpine,-1.855,41.711693,5,"seg_03, seg_05, seg_07, seg_09, seg_12"
fastf1_2026_china_grand_prix,Shanghai International Circuit,Slow corners,3,Racing Bulls,-1.875,41.711693,5,"seg_03, seg_05, seg_07, seg_09, seg_12"
fastf1_2026_china_grand_prix,Shanghai International Circuit,Slow corners,4,Haas F1 Team,-2.228,41.711693,5,"seg_03, seg_05, seg_07, seg_09, seg_12"
fastf1_2026_china_grand_prix,Shanghai International Circuit,Slow corners,5,Ferrari,-2.330,41.711693,5,"seg_03, seg_05, seg_07, seg_09, seg_12"
fastf1_2026_china_grand_prix,Shanghai International Circuit,Slow corners,6,Audi,-2.732,41.711693,5,"seg_03, seg_05, seg_07, seg_09, seg_12"
fastf1_2026_china_grand_prix,Shanghai International Circuit,Slow corners,7,Red Bull Racing,-3.111,41.711693,5,"seg_03, seg_05, seg_07, seg_09, seg_12"
fastf1_2026_china_grand_prix,Shanghai International Circuit,Slow corners,8,Williams,-3.647,41.711693,5,"seg_03, seg_05, seg_07, seg_09, seg_12"
fastf1_2026_china_grand_prix,Shanghai International Circuit,Slow corners,9,Aston Martin,-4.032,41.711693,5,"seg_03, seg_05, seg_07, seg_09, seg_12"
fastf1_2026_china_grand_prix,Shanghai International Circuit,Slow corners,10,Cadillac,-4.441,41.711693,5,"seg_03, seg_05, seg_07, seg_09, seg_12"
fastf1_2026_china_grand_prix,Shanghai International Circuit,Fast corners,1,Mercedes,0.000,26.622118,4,"seg_02, seg_06, seg_10, seg_13"
fastf1_2026_china_grand_prix,Shanghai International Circuit,Fast corners,2,Ferrari,-1.950,26.622118,4,"seg_02, seg_06, seg_10, seg_13"
fastf1_2026_china_grand_prix,Shanghai International Circuit,Fast corners,3,Racing Bulls,-2.636,26.622118,4,"seg_02, seg_06, seg_10, seg_13"
fastf1_2026_china_grand_prix,Shanghai International Circuit,Fast corners,4,Audi,-3.032,26.622118,4,"seg_02, seg_06, seg_10, seg_13"
fastf1_2026_china_grand_prix,Shanghai International Circuit,Fast corners,5,Alpine,-3.042,26.622118,4,"seg_02, seg_06, seg_10, seg_13"
fastf1_2026_china_grand_prix,Shanghai International Circuit,Fast corners,6,Haas F1 Team,-3.083,26.622118,4,"seg_02, seg_06, seg_10, seg_13"
fastf1_2026_china_grand_prix,Shanghai International Circuit,Fast corners,7,Red Bull Racing,-4.897,26.622118,4,"seg_02, seg_06, seg_10, seg_13"
fastf1_2026_china_grand_prix,Shanghai International Circuit,Fast corners,8,Williams,-4.999,26.622118,4,"seg_02, seg_06, seg_10, seg_13"
fastf1_2026_china_grand_prix,Shanghai International Circuit,Fast corners,9,Cadillac,-5.909,26.622118,4,"seg_02, seg_06, seg_10, seg_13"
fastf1_2026_china_grand_prix,Shanghai International Circuit,Fast corners,10,Aston Martin,-6.028,26.622118,4,"seg_02, seg_06, seg_10, seg_13"
fastf1_2026_china_grand_prix,Shanghai International Circuit,Straights,1,Red Bull Racing,0.960,28.864561,5,"seg_01, seg_04, seg_08, seg_11, seg_14"
fastf1_2026_china_grand_prix,Shanghai International Circuit,Straights,2,Racing Bulls,0.147,28.864561,5,"seg_01, seg_04, seg_08, seg_11, seg_14"
fastf1_2026_china_grand_prix,Shanghai International Circuit,Straights,3,Cadillac,0.066,28.864561,5,"seg_01, seg_04, seg_08, seg_11, seg_14"
fastf1_2026_china_grand_prix,Shanghai International Circuit,Straights,4,Audi,0.017,28.864561,5,"seg_01, seg_04, seg_08, seg_11, seg_14"
fastf1_2026_china_grand_prix,Shanghai International Circuit,Straights,5,Mercedes,0.000,28.864561,5,"seg_01, seg_04, seg_08, seg_11, seg_14"
fastf1_2026_china_grand_prix,Shanghai International Circuit,Straights,6,Ferrari,-0.168,28.864561,5,"seg_01, seg_04, seg_08, seg_11, seg_14"
fastf1_2026_china_grand_prix,Shanghai International Circuit,Straights,7,Williams,-0.596,28.864561,5,"seg_01, seg_04, seg_08, seg_11, seg_14"
fastf1_2026_china_grand_prix,Shanghai International Circuit,Straights,8,Haas F1 Team,-0.739,28.864561,5,"seg_01, seg_04, seg_08, seg_11, seg_14"
fastf1_2026_china_grand_prix,Shanghai International Circuit,Straights,9,Alpine,-0.784,28.864561,5,"seg_01, seg_04, seg_08, seg_11, seg_14"
fastf1_2026_china_grand_prix,Shanghai International Circuit,Straights,10,Aston Martin,-4.755,28.864561,5,"seg_01, seg_04, seg_08, seg_11, seg_14"
fastf1_2026_japan_grand_prix,Suzuka Circuit,Slow corners,1,McLaren,4.343,15.901289,2,"seg_07, seg_11"
fastf1_2026_japan_grand_prix,Suzuka Circuit,Slow corners,2,Haas F1 Team,0.386,15.901289,2,"seg_07, seg_11"
fastf1_2026_japan_grand_prix,Suzuka Circuit,Slow corners,3,Mercedes,0.000,15.901289,2,"seg_07, seg_11"
fastf1_2026_japan_grand_prix,Suzuka Circuit,Slow corners,4,Racing Bulls,-0.502,15.901289,2,"seg_07, seg_11"
fastf1_2026_japan_grand_prix,Suzuka Circuit,Slow corners,5,Audi,-1.196,15.901289,2,"seg_07, seg_11"
fastf1_2026_japan_grand_prix,Suzuka Circuit,Slow corners,6,Williams,-1.772,15.901289,2,"seg_07, seg_11"
fastf1_2026_japan_grand_prix,Suzuka Circuit,Slow corners,7,Alpine,-2.070,15.901289,2,"seg_07, seg_11"
fastf1_2026_japan_grand_prix,Suzuka Circuit,Slow corners,8,Ferrari,-2.456,15.901289,2,"seg_07, seg_11"
fastf1_2026_japan_grand_prix,Suzuka Circuit,Slow corners,9,Red Bull Racing,-2.581,15.901289,2,"seg_07, seg_11"
fastf1_2026_japan_grand_prix,Suzuka Circuit,Slow corners,10,Aston Martin,-4.251,15.901289,2,"seg_07, seg_11"
fastf1_2026_japan_grand_prix,Suzuka Circuit,Slow corners,11,Cadillac,-6.221,15.901289,2,"seg_07, seg_11"
fastf1_2026_japan_grand_prix,Suzuka Circuit,Fast corners,1,Mercedes,0.000,49.893799,6,"seg_02, seg_03, seg_04, seg_05, seg_08, seg_09"
fastf1_2026_japan_grand_prix,Suzuka Circuit,Fast corners,2,Ferrari,-0.611,49.893799,6,"seg_02, seg_03, seg_04, seg_05, seg_08, seg_09"
fastf1_2026_japan_grand_prix,Suzuka Circuit,Fast corners,3,McLaren,-1.303,49.893799,6,"seg_02, seg_03, seg_04, seg_05, seg_08, seg_09"
fastf1_2026_japan_grand_prix,Suzuka Circuit,Fast corners,4,Red Bull Racing,-1.918,49.893799,6,"seg_02, seg_03, seg_04, seg_05, seg_08, seg_09"
fastf1_2026_japan_grand_prix,Suzuka Circuit,Fast corners,5,Audi,-2.684,49.893799,6,"seg_02, seg_03, seg_04, seg_05, seg_08, seg_09"
fastf1_2026_japan_grand_prix,Suzuka Circuit,Fast corners,6,Alpine,-3.081,49.893799,6,"seg_02, seg_03, seg_04, seg_05, seg_08, seg_09"
fastf1_2026_japan_grand_prix,Suzuka Circuit,Fast corners,7,Williams,-3.251,49.893799,6,"seg_02, seg_03, seg_04, seg_05, seg_08, seg_09"
fastf1_2026_japan_grand_prix,Suzuka Circuit,Fast corners,8,Haas F1 Team,-3.585,49.893799,6,"seg_02, seg_03, seg_04, seg_05, seg_08, seg_09"
fastf1_2026_japan_grand_prix,Suzuka Circuit,Fast corners,9,Racing Bulls,-3.631,49.893799,6,"seg_02, seg_03, seg_04, seg_05, seg_08, seg_09"
fastf1_2026_japan_grand_prix,Suzuka Circuit,Fast corners,10,Cadillac,-4.850,49.893799,6,"seg_02, seg_03, seg_04, seg_05, seg_08, seg_09"
fastf1_2026_japan_grand_prix,Suzuka Circuit,Fast corners,11,Aston Martin,-5.915,49.893799,6,"seg_02, seg_03, seg_04, seg_05, seg_08, seg_09"
fastf1_2026_japan_grand_prix,Suzuka Circuit,Straights,1,Alpine,0.404,32.442237,4,"seg_01, seg_06, seg_10, seg_12"
fastf1_2026_japan_grand_prix,Suzuka Circuit,Straights,2,Audi,0.375,32.442237,4,"seg_01, seg_06, seg_10, seg_12"
fastf1_2026_japan_grand_prix,Suzuka Circuit,Straights,3,Red Bull Racing,0.208,32.442237,4,"seg_01, seg_06, seg_10, seg_12"
fastf1_2026_japan_grand_prix,Suzuka Circuit,Straights,4,Ferrari,0.178,32.442237,4,"seg_01, seg_06, seg_10, seg_12"
fastf1_2026_japan_grand_prix,Suzuka Circuit,Straights,5,Mercedes,0.000,32.442237,4,"seg_01, seg_06, seg_10, seg_12"
fastf1_2026_japan_grand_prix,Suzuka Circuit,Straights,6,Williams,-0.698,32.442237,4,"seg_01, seg_06, seg_10, seg_12"
fastf1_2026_japan_grand_prix,Suzuka Circuit,Straights,7,Haas F1 Team,-0.763,32.442237,4,"seg_01, seg_06, seg_10, seg_12"
fastf1_2026_japan_grand_prix,Suzuka Circuit,Straights,8,McLaren,-1.138,32.442237,4,"seg_01, seg_06, seg_10, seg_12"
fastf1_2026_japan_grand_prix,Suzuka Circuit,Straights,9,Racing Bulls,-2.876,32.442237,4,"seg_01, seg_06, seg_10, seg_12"
fastf1_2026_japan_grand_prix,Suzuka Circuit,Straights,10,Cadillac,-3.304,32.442237,4,"seg_01, seg_06, seg_10, seg_12"
fastf1_2026_japan_grand_prix,Suzuka Circuit,Straights,11,Aston Martin,-4.167,32.442237,4,"seg_01, seg_06, seg_10, seg_12"
fastf1_2026_miami_grand_prix,Miami International Autodrome,Slow corners,1,Ferrari,1.654,35.342862,3,"seg_02, seg_06, seg_08"
fastf1_2026_miami_grand_prix,Miami International Autodrome,Slow corners,2,Audi,1.562,35.342862,3,"seg_02, seg_06, seg_08"
fastf1_2026_miami_grand_prix,Miami International Autodrome,Slow corners,3,Red Bull Racing,0.802,35.342862,3,"seg_02, seg_06, seg_08"
fastf1_2026_miami_grand_prix,Miami International Autodrome,Slow corners,4,McLaren,0.309,35.342862,3,"seg_02, seg_06, seg_08"
fastf1_2026_miami_grand_prix,Miami International Autodrome,Slow corners,5,Mercedes,0.000,35.342862,3,"seg_02, seg_06, seg_08"
fastf1_2026_miami_grand_prix,Miami International Autodrome,Slow corners,6,Racing Bulls,-0.157,35.342862,3,"seg_02, seg_06, seg_08"
fastf1_2026_miami_grand_prix,Miami International Autodrome,Slow corners,7,Haas F1 Team,-1.043,35.342862,3,"seg_02, seg_06, seg_08"
fastf1_2026_miami_grand_prix,Miami International Autodrome,Slow corners,8,Williams,-1.197,35.342862,3,"seg_02, seg_06, seg_08"
fastf1_2026_miami_grand_prix,Miami International Autodrome,Slow corners,9,Aston Martin,-1.693,35.342862,3,"seg_02, seg_06, seg_08"
fastf1_2026_miami_grand_prix,Miami International Autodrome,Slow corners,10,Alpine,-1.976,35.342862,3,"seg_02, seg_06, seg_08"
fastf1_2026_miami_grand_prix,Miami International Autodrome,Slow corners,11,Cadillac,-3.648,35.342862,3,"seg_02, seg_06, seg_08"
fastf1_2026_miami_grand_prix,Miami International Autodrome,Fast corners,1,Mercedes,0.000,26.899140,3,"seg_03, seg_04, seg_09"
fastf1_2026_miami_grand_prix,Miami International Autodrome,Fast corners,2,McLaren,-0.071,26.899140,3,"seg_03, seg_04, seg_09"
fastf1_2026_miami_grand_prix,Miami International Autodrome,Fast corners,3,Red Bull Racing,-0.529,26.899140,3,"seg_03, seg_04, seg_09"
fastf1_2026_miami_grand_prix,Miami International Autodrome,Fast corners,4,Ferrari,-0.632,26.899140,3,"seg_03, seg_04, seg_09"
fastf1_2026_miami_grand_prix,Miami International Autodrome,Fast corners,5,Audi,-2.029,26.899140,3,"seg_03, seg_04, seg_09"
fastf1_2026_miami_grand_prix,Miami International Autodrome,Fast corners,6,Haas F1 Team,-2.457,26.899140,3,"seg_03, seg_04, seg_09"
fastf1_2026_miami_grand_prix,Miami International Autodrome,Fast corners,7,Aston Martin,-2.619,26.899140,3,"seg_03, seg_04, seg_09"
fastf1_2026_miami_grand_prix,Miami International Autodrome,Fast corners,8,Williams,-2.651,26.899140,3,"seg_03, seg_04, seg_09"
fastf1_2026_miami_grand_prix,Miami International Autodrome,Fast corners,9,Alpine,-2.810,26.899140,3,"seg_03, seg_04, seg_09"
fastf1_2026_miami_grand_prix,Miami International Autodrome,Fast corners,10,Racing Bulls,-3.468,26.899140,3,"seg_03, seg_04, seg_09"
fastf1_2026_miami_grand_prix,Miami International Autodrome,Fast corners,11,Cadillac,-5.102,26.899140,3,"seg_03, seg_04, seg_09"
fastf1_2026_miami_grand_prix,Miami International Autodrome,Straights,1,Alpine,0.326,32.184280,3,"seg_01, seg_05, seg_07"
fastf1_2026_miami_grand_prix,Miami International Autodrome,Straights,2,Mercedes,0.000,32.184280,3,"seg_01, seg_05, seg_07"
fastf1_2026_miami_grand_prix,Miami International Autodrome,Straights,3,McLaren,-0.167,32.184280,3,"seg_01, seg_05, seg_07"
fastf1_2026_miami_grand_prix,Miami International Autodrome,Straights,4,Ferrari,-0.813,32.184280,3,"seg_01, seg_05, seg_07"
fastf1_2026_miami_grand_prix,Miami International Autodrome,Straights,5,Haas F1 Team,-1.219,32.184280,3,"seg_01, seg_05, seg_07"
fastf1_2026_miami_grand_prix,Miami International Autodrome,Straights,6,Williams,-1.428,32.184280,3,"seg_01, seg_05, seg_07"
fastf1_2026_miami_grand_prix,Miami International Autodrome,Straights,7,Red Bull Racing,-2.181,32.184280,3,"seg_01, seg_05, seg_07"
fastf1_2026_miami_grand_prix,Miami International Autodrome,Straights,8,Cadillac,-2.780,32.184280,3,"seg_01, seg_05, seg_07"
fastf1_2026_miami_grand_prix,Miami International Autodrome,Straights,9,Audi,-3.209,32.184280,3,"seg_01, seg_05, seg_07"
fastf1_2026_miami_grand_prix,Miami International Autodrome,Straights,10,Aston Martin,-3.233,32.184280,3,"seg_01, seg_05, seg_07"
fastf1_2026_miami_grand_prix,Miami International Autodrome,Straights,11,Racing Bulls,-3.873,32.184280,3,"seg_01, seg_05, seg_07"
fastf1_2026_monaco_grand_prix,Circuit de Monaco,Slow corners,1,Red Bull Racing,0.650,43.865822,4,"seg_02, seg_05, seg_07, seg_09"
fastf1_2026_monaco_grand_prix,Circuit de Monaco,Slow corners,2,Mercedes,0.000,43.865822,4,"seg_02, seg_05, seg_07, seg_09"
fastf1_2026_monaco_grand_prix,Circuit de Monaco,Slow corners,3,Ferrari,-0.607,43.865822,4,"seg_02, seg_05, seg_07, seg_09"
fastf1_2026_monaco_grand_prix,Circuit de Monaco,Slow corners,4,McLaren,-2.488,43.865822,4,"seg_02, seg_05, seg_07, seg_09"
fastf1_2026_monaco_grand_prix,Circuit de Monaco,Slow corners,5,Racing Bulls,-2.933,43.865822,4,"seg_02, seg_05, seg_07, seg_09"
fastf1_2026_monaco_grand_prix,Circuit de Monaco,Slow corners,6,Williams,-2.984,43.865822,4,"seg_02, seg_05, seg_07, seg_09"
fastf1_2026_monaco_grand_prix,Circuit de Monaco,Slow corners,7,Alpine,-3.155,43.865822,4,"seg_02, seg_05, seg_07, seg_09"
fastf1_2026_monaco_grand_prix,Circuit de Monaco,Slow corners,8,Haas F1 Team,-3.728,43.865822,4,"seg_02, seg_05, seg_07, seg_09"
fastf1_2026_monaco_grand_prix,Circuit de Monaco,Slow corners,9,Audi,-3.981,43.865822,4,"seg_02, seg_05, seg_07, seg_09"
fastf1_2026_monaco_grand_prix,Circuit de Monaco,Slow corners,10,Cadillac,-4.100,43.865822,4,"seg_02, seg_05, seg_07, seg_09"
fastf1_2026_monaco_grand_prix,Circuit de Monaco,Slow corners,11,Aston Martin,-6.227,43.865822,4,"seg_02, seg_05, seg_07, seg_09"
fastf1_2026_monaco_grand_prix,Circuit de Monaco,Fast corners,1,Red Bull Racing,0.165,18.529811,2,"seg_04, seg_08"
fastf1_2026_monaco_grand_prix,Circuit de Monaco,Fast corners,2,Mercedes,0.000,18.529811,2,"seg_04, seg_08"
fastf1_2026_monaco_grand_prix,Circuit de Monaco,Fast corners,3,Ferrari,-0.181,18.529811,2,"seg_04, seg_08"
fastf1_2026_monaco_grand_prix,Circuit de Monaco,Fast corners,4,McLaren,-3.432,18.529811,2,"seg_04, seg_08"
fastf1_2026_monaco_grand_prix,Circuit de Monaco,Fast corners,5,Alpine,-4.393,18.529811,2,"seg_04, seg_08"
fastf1_2026_monaco_grand_prix,Circuit de Monaco,Fast corners,6,Racing Bulls,-5.178,18.529811,2,"seg_04, seg_08"
fastf1_2026_monaco_grand_prix,Circuit de Monaco,Fast corners,7,Haas F1 Team,-5.233,18.529811,2,"seg_04, seg_08"
fastf1_2026_monaco_grand_prix,Circuit de Monaco,Fast corners,8,Williams,-5.468,18.529811,2,"seg_04, seg_08"
fastf1_2026_monaco_grand_prix,Circuit de Monaco,Fast corners,9,Audi,-5.921,18.529811,2,"seg_04, seg_08"
fastf1_2026_monaco_grand_prix,Circuit de Monaco,Fast corners,10,Aston Martin,-8.169,18.529811,2,"seg_04, seg_08"
fastf1_2026_monaco_grand_prix,Circuit de Monaco,Fast corners,11,Cadillac,-8.436,18.529811,2,"seg_04, seg_08"
fastf1_2026_monaco_grand_prix,Circuit de Monaco,Straights,1,Red Bull Racing,0.169,17.180586,4,"seg_01, seg_03, seg_06, seg_10"
fastf1_2026_monaco_grand_prix,Circuit de Monaco,Straights,2,Ferrari,0.055,17.180586,4,"seg_01, seg_03, seg_06, seg_10"
fastf1_2026_monaco_grand_prix,Circuit de Monaco,Straights,3,Mercedes,0.000,17.180586,4,"seg_01, seg_03, seg_06, seg_10"
fastf1_2026_monaco_grand_prix,Circuit de Monaco,Straights,4,Haas F1 Team,-0.101,17.180586,4,"seg_01, seg_03, seg_06, seg_10"
fastf1_2026_monaco_grand_prix,Circuit de Monaco,Straights,5,McLaren,-0.378,17.180586,4,"seg_01, seg_03, seg_06, seg_10"
fastf1_2026_monaco_grand_prix,Circuit de Monaco,Straights,6,Williams,-0.593,17.180586,4,"seg_01, seg_03, seg_06, seg_10"
fastf1_2026_monaco_grand_prix,Circuit de Monaco,Straights,7,Alpine,-0.785,17.180586,4,"seg_01, seg_03, seg_06, seg_10"
fastf1_2026_monaco_grand_prix,Circuit de Monaco,Straights,8,Racing Bulls,-0.877,17.180586,4,"seg_01, seg_03, seg_06, seg_10"
fastf1_2026_monaco_grand_prix,Circuit de Monaco,Straights,9,Audi,-0.992,17.180586,4,"seg_01, seg_03, seg_06, seg_10"
fastf1_2026_monaco_grand_prix,Circuit de Monaco,Straights,10,Cadillac,-2.879,17.180586,4,"seg_01, seg_03, seg_06, seg_10"
fastf1_2026_monaco_grand_prix,Circuit de Monaco,Straights,11,Aston Martin,-3.116,17.180586,4,"seg_01, seg_03, seg_06, seg_10"
