circuit,event_slug,driver,driver_number,lap_rank_for_driver,lap_number,lap_time_seconds,lap_start_date,lap_start_time_seconds,lap_end_time_seconds,team,compound,tyre_life,position,track_status,selection_notes
Albert Park Circuit,fastf1_2026_australia_grand_prix,NOR,1,1,53,82.358,2026-03-08 05:19:07.818,8281.195,8363.553,McLaren,MEDIUM,19.0,5.0,1,
Albert Park Circuit,fastf1_2026_australia_grand_prix,NOR,1,2,51,82.598,2026-03-08 05:16:22.436,8115.813,8198.411,McLaren,MEDIUM,17.0,5.0,1,
Albert Park Circuit,fastf1_2026_australia_grand_prix,NOR,1,3,50,82.763,2026-03-08 05:14:59.673,8033.050,8115.813,McLaren,MEDIUM,16.0,5.0,1,
Albert Park Circuit,fastf1_2026_australia_grand_prix,VER,3,1,43,82.091,2026-03-08 05:05:22.180,7455.557,7537.648,Red Bull Racing,HARD,2.0,6.0,1,
Albert Park Circuit,fastf1_2026_australia_grand_prix,VER,3,2,45,82.453,2026-03-08 05:08:06.791,7620.168,7702.621,Red Bull Racing,HARD,4.0,6.0,1,
Albert Park Circuit,fastf1_2026_australia_grand_prix,VER,3,3,47,82.489,2026-03-08 05:10:52.054,7785.431,7867.920,Red Bull Racing,HARD,6.0,6.0,1,
Albert Park Circuit,fastf1_2026_australia_grand_prix,BOR,5,1,45,83.257,2026-03-08 05:08:26.169,7639.546,7722.803,Audi,HARD,12.0,9.0,1,
Albert Park Circuit,fastf1_2026_australia_grand_prix,BOR,5,2,46,83.346,2026-03-08 05:09:49.426,7722.803,7806.149,Audi,HARD,13.0,9.0,1,
Albert Park Circuit,fastf1_2026_australia_grand_prix,BOR,5,3,43,83.643,2026-03-08 05:05:38.790,7472.167,7555.810,Audi,HARD,10.0,9.0,1,
Albert Park Circuit,fastf1_2026_australia_grand_prix,HAD,6,1,9,85.239,2026-03-08 04:15:01.525,4434.902,4520.141,Red Bull Racing,MEDIUM,9.0,5.0,1,
Albert Park Circuit,fastf1_2026_australia_grand_prix,HAD,6,2,8,85.313,2026-03-08 04:13:36.212,4349.589,4434.902,Red Bull Racing,MEDIUM,8.0,5.0,1,
Albert Park Circuit,fastf1_2026_australia_grand_prix,HAD,6,3,4,85.342,2026-03-08 04:07:54.191,4007.568,4092.910,Red Bull Racing,MEDIUM,4.0,4.0,1,
Albert Park Circuit,fastf1_2026_australia_grand_prix,GAS,10,1,56,84.486,2026-03-08 05:24:13.107,8586.484,8670.970,Alpine,HARD,45.0,10.0,1,
Albert Park Circuit,fastf1_2026_australia_grand_prix,GAS,10,2,23,84.499,2026-03-08 04:37:05.318,5758.695,5843.194,Alpine,HARD,12.0,10.0,1,
Albert Park Circuit,fastf1_2026_australia_grand_prix,GAS,10,3,54,84.520,2026-03-08 05:21:23.992,8417.369,8501.889,Alpine,HARD,43.0,10.0,1,
Albert Park Circuit,fastf1_2026_australia_grand_prix,PER,11,1,47,86.070,2026-03-08 05:13:39.079,7952.456,8038.526,Cadillac,SOFT,4.0,16.0,1,
Albert Park Circuit,fastf1_2026_australia_grand_prix,PER,11,2,50,86.085,2026-03-08 05:17:57.510,8210.887,8296.972,Cadillac,SOFT,7.0,16.0,1,
Albert Park Circuit,fastf1_2026_australia_grand_prix,PER,11,3,53,86.130,2026-03-08 05:22:16.207,8469.584,8555.714,Cadillac,SOFT,10.0,16.0,1,
Albert Park Circuit,fastf1_2026_australia_grand_prix,ANT,12,1,57,82.417,2026-03-08 05:23:51.307,8564.684,8647.101,Mercedes,HARD,45.0,2.0,1,
Albert Park Circuit,fastf1_2026_australia_grand_prix,ANT,12,2,52,82.558,2026-03-08 05:16:57.763,8151.140,8233.698,Mercedes,HARD,40.0,2.0,1,
Albert Park Circuit,fastf1_2026_australia_grand_prix,ANT,12,3,23,82.582,2026-03-08 04:36:34.102,5727.479,5810.061,Mercedes,HARD,11.0,4.0,1,
Albert Park Circuit,fastf1_2026_australia_grand_prix,ALO,14,1,15,85.713,2026-03-08 04:41:45.403,6038.780,6124.493,Aston Martin,SOFT,4.0,19.0,1,
Albert Park Circuit,fastf1_2026_australia_grand_prix,ALO,14,2,18,85.908,2026-03-08 04:46:03.623,6297.000,6382.908,Aston Martin,SOFT,7.0,18.0,1,
Albert Park Circuit,fastf1_2026_australia_grand_prix,ALO,14,3,16,86.131,2026-03-08 04:43:11.116,6124.493,6210.624,Aston Martin,SOFT,5.0,18.0,1,
Albert Park Circuit,fastf1_2026_australia_grand_prix,LEC,16,1,38,82.579,2026-03-08 04:57:46.229,6999.606,7082.185,Ferrari,HARD,13.0,3.0,1,
Albert Park Circuit,fastf1_2026_australia_grand_prix,LEC,16,2,39,82.728,2026-03-08 04:59:08.808,7082.185,7164.913,Ferrari,HARD,14.0,3.0,1,
Albert Park Circuit,fastf1_2026_australia_grand_prix,LEC,16,3,43,82.750,2026-03-08 05:04:40.307,7413.684,7496.434,Ferrari,HARD,18.0,3.0,1,
Albert Park Circuit,fastf1_2026_australia_grand_prix,STR,18,1,36,85.410,2026-03-08 05:16:00.507,8093.884,8179.294,Aston Martin,SOFT,2.0,17.0,1,
Albert Park Circuit,fastf1_2026_australia_grand_prix,STR,18,2,41,85.444,2026-03-08 05:23:37.468,8550.845,8636.289,Aston Martin,SOFT,2.0,17.0,1,
Albert Park Circuit,fastf1_2026_australia_grand_prix,STR,18,3,42,85.707,2026-03-08 05:25:02.912,8636.289,8721.996,Aston Martin,SOFT,3.0,17.0,1,
Albert Park Circuit,fastf1_2026_australia_grand_prix,ALB,23,1,36,84.375,2026-03-08 04:56:16.901,6910.278,6994.653,Williams,SOFT,3.0,12.0,1,
Albert Park Circuit,fastf1_2026_australia_grand_prix,ALB,23,2,35,84.446,2026-03-08 04:54:52.455,6825.832,6910.278,Williams,SOFT,2.0,12.0,1,
Albert Park Circuit,fastf1_2026_australia_grand_prix,ALB,23,3,45,84.702,2026-03-08 05:09:03.727,7677.104,7761.806,Williams,SOFT,12.0,12.0,1,
Albert Park Circuit,fastf1_2026_australia_grand_prix,LAW,30,1,47,83.783,2026-03-08 05:11:57.580,7850.957,7934.740,Racing Bulls,SOFT,14.0,13.0,1,
Albert Park Circuit,fastf1_2026_australia_grand_prix,LAW,30,2,50,83.912,2026-03-08 05:16:09.517,8102.894,8186.806,Racing Bulls,SOFT,17.0,13.0,1,
Albert Park Circuit,fastf1_2026_australia_grand_prix,LAW,30,3,41,83.920,2026-03-08 05:03:32.976,7346.353,7430.273,Racing Bulls,SOFT,8.0,13.0,1,
Albert Park Circuit,fastf1_2026_australia_grand_prix,OCO,31,1,25,84.424,2026-03-08 04:39:56.050,5929.427,6013.851,Haas F1 Team,HARD,14.0,11.0,1,
Albert Park Circuit,fastf1_2026_australia_grand_prix,OCO,31,2,56,84.533,2026-03-08 05:24:14.147,8587.524,8672.057,Haas F1 Team,HARD,45.0,11.0,1,
Albert Park Circuit,fastf1_2026_australia_grand_prix,OCO,31,3,57,84.573,2026-03-08 05:25:38.680,8672.057,8756.630,Haas F1 Team,HARD,46.0,11.0,1,
Albert Park Circuit,fastf1_2026_australia_grand_prix,LIN,41,1,21,84.182,2026-03-08 04:34:08.474,5581.851,5666.033,Racing Bulls,HARD,3.0,7.0,1,
Albert Park Circuit,fastf1_2026_australia_grand_prix,LIN,41,2,26,84.205,2026-03-08 04:41:10.672,6004.049,6088.254,Racing Bulls,HARD,8.0,7.0,1,
Albert Park Circuit,fastf1_2026_australia_grand_prix,LIN,41,3,25,84.263,2026-03-08 04:39:46.409,5919.786,6004.049,Racing Bulls,HARD,7.0,7.0,1,
Albert Park Circuit,fastf1_2026_australia_grand_prix,COL,43,1,48,82.926,2026-03-08 05:14:02.559,7975.936,8058.862,Alpine,SOFT,2.0,14.0,1,
Albert Park Circuit,fastf1_2026_australia_grand_prix,COL,43,2,49,83.259,2026-03-08 05:15:25.485,8058.862,8142.121,Alpine,SOFT,3.0,14.0,1,
Albert Park Circuit,fastf1_2026_australia_grand_prix,COL,43,3,56,83.621,2026-03-08 05:25:18.269,8651.646,8735.267,Alpine,SOFT,10.0,14.0,1,
Albert Park Circuit,fastf1_2026_australia_grand_prix,HAM,44,1,55,82.423,2026-03-08 05:21:19.271,8412.648,8495.071,Ferrari,HARD,27.0,4.0,1,
Albert Park Circuit,fastf1_2026_australia_grand_prix,HAM,44,2,56,82.500,2026-03-08 05:22:41.694,8495.071,8577.571,Ferrari,HARD,28.0,4.0,1,
Albert Park Circuit,fastf1_2026_australia_grand_prix,HAM,44,3,45,82.529,2026-03-08 05:07:30.801,7584.178,7666.707,Ferrari,HARD,17.0,4.0,1,
Albert Park Circuit,fastf1_2026_australia_grand_prix,SAI,55,1,52,83.590,2026-03-08 05:20:05.840,8339.217,8422.807,Williams,SOFT,7.0,15.0,1,
Albert Park Circuit,fastf1_2026_australia_grand_prix,SAI,55,2,50,83.600,2026-03-08 05:17:18.370,8171.747,8255.347,Williams,SOFT,5.0,15.0,1,
Albert Park Circuit,fastf1_2026_australia_grand_prix,SAI,55,3,55,83.809,2026-03-08 05:24:21.657,8595.034,8678.843,Williams,SOFT,10.0,15.0,1,
Albert Park Circuit,fastf1_2026_australia_grand_prix,RUS,63,1,21,82.670,2026-03-08 04:33:41.916,5555.293,5637.963,Mercedes,HARD,9.0,3.0,1,
Albert Park Circuit,fastf1_2026_australia_grand_prix,RUS,63,2,55,82.670,2026-03-08 05:21:01.437,8394.814,8477.484,Mercedes,HARD,43.0,1.0,1,
Albert Park Circuit,fastf1_2026_australia_grand_prix,RUS,63,3,36,82.729,2026-03-08 04:54:44.214,6817.591,6900.320,Mercedes,HARD,24.0,1.0,1,
Albert Park Circuit,fastf1_2026_australia_grand_prix,BOT,77,1,8,87.364,2026-03-08 04:13:57.879,4371.256,4458.620,Cadillac,HARD,8.0,19.0,1,
Albert Park Circuit,fastf1_2026_australia_grand_prix,BOT,77,2,7,87.457,2026-03-08 04:12:30.422,4283.799,4371.256,Cadillac,HARD,7.0,19.0,1,
Albert Park Circuit,fastf1_2026_australia_grand_prix,BOT,77,3,10,87.661,2026-03-08 04:16:52.922,4546.299,4633.960,Cadillac,HARD,10.0,18.0,1,
Albert Park Circuit,fastf1_2026_australia_grand_prix,BEA,87,1,22,84.020,2026-03-08 04:35:33.791,5667.168,5751.188,Haas F1 Team,HARD,4.0,8.0,1,
Albert Park Circuit,fastf1_2026_australia_grand_prix,BEA,87,2,25,84.058,2026-03-08 04:39:47.471,5920.848,6004.906,Haas F1 Team,HARD,7.0,8.0,1,
Albert Park Circuit,fastf1_2026_australia_grand_prix,BEA,87,3,45,84.130,2026-03-08 05:08:16.160,7629.537,7713.667,Haas F1 Team,HARD,27.0,7.0,1,
Circuit de Barcelona-Catalunya,fastf1_2026_barcelona_grand_prix,NOR,1,1,37,80.232,2026-06-14 13:53:57.126,6250.361,6330.593,McLaren,HARD,2.0,5.0,1,
Circuit de Barcelona-Catalunya,fastf1_2026_barcelona_grand_prix,NOR,1,2,44,80.806,2026-06-14 14:04:00.967,6854.202,6935.008,McLaren,HARD,9.0,4.0,1,
Circuit de Barcelona-Catalunya,fastf1_2026_barcelona_grand_prix,NOR,1,3,46,80.830,2026-06-14 14:06:42.701,7015.936,7096.766,McLaren,HARD,11.0,4.0,1,
Circuit de Barcelona-Catalunya,fastf1_2026_barcelona_grand_prix,VER,3,1,42,80.230,2026-06-14 14:01:39.795,6713.030,6793.260,Red Bull Racing,MEDIUM,2.0,5.0,1,
Circuit de Barcelona-Catalunya,fastf1_2026_barcelona_grand_prix,VER,3,2,46,80.467,2026-06-14 14:07:02.031,7035.266,7115.733,Red Bull Racing,MEDIUM,6.0,5.0,1,
Circuit de Barcelona-Catalunya,fastf1_2026_barcelona_grand_prix,VER,3,3,43,80.534,2026-06-14 14:03:00.025,6793.260,6873.794,Red Bull Racing,MEDIUM,3.0,5.0,1,
Circuit de Barcelona-Catalunya,fastf1_2026_barcelona_grand_prix,BOR,5,1,55,81.446,2026-06-14 14:21:42.757,7915.992,7997.438,Audi,SOFT,2.0,16.0,1,
Circuit de Barcelona-Catalunya,fastf1_2026_barcelona_grand_prix,BOR,5,2,57,81.530,2026-06-14 14:24:26.984,8080.219,8161.749,Audi,SOFT,4.0,14.0,1,
Circuit de Barcelona-Catalunya,fastf1_2026_barcelona_grand_prix,BOR,5,3,64,81.984,2026-06-14 14:35:00.912,8714.147,8796.131,Audi,SOFT,11.0,11.0,1,
Circuit de Barcelona-Catalunya,fastf1_2026_barcelona_grand_prix,HAD,6,1,60,80.150,2026-06-14 14:27:15.246,8248.481,8328.631,Red Bull Racing,SOFT,5.0,8.0,1,
Circuit de Barcelona-Catalunya,fastf1_2026_barcelona_grand_prix,HAD,6,2,65,81.114,2026-06-14 14:34:59.722,8712.957,8794.071,Red Bull Racing,SOFT,10.0,6.0,1,
Circuit de Barcelona-Catalunya,fastf1_2026_barcelona_grand_prix,HAD,6,3,34,81.140,2026-06-14 13:50:30.656,6043.891,6125.031,Red Bull Racing,HARD,2.0,8.0,1,
Circuit de Barcelona-Catalunya,fastf1_2026_barcelona_grand_prix,GAS,10,1,42,81.708,2026-06-14 14:02:42.479,6775.714,6857.422,Alpine,HARD,2.0,9.0,1,
Circuit de Barcelona-Catalunya,fastf1_2026_barcelona_grand_prix,GAS,10,2,43,81.960,2026-06-14 14:04:04.187,6857.422,6939.382,Alpine,HARD,3.0,9.0,1,
Circuit de Barcelona-Catalunya,fastf1_2026_barcelona_grand_prix,GAS,10,3,44,82.014,2026-06-14 14:05:26.147,6939.382,7021.396,Alpine,HARD,4.0,9.0,1,
Circuit de Barcelona-Catalunya,fastf1_2026_barcelona_grand_prix,PER,11,1,43,82.820,2026-06-14 14:05:23.657,6936.892,7019.712,Cadillac,MEDIUM,4.0,17.0,1,
Circuit de Barcelona-Catalunya,fastf1_2026_barcelona_grand_prix,PER,11,2,45,83.442,2026-06-14 14:08:11.823,7105.058,7188.500,Cadillac,MEDIUM,6.0,17.0,1,
Circuit de Barcelona-Catalunya,fastf1_2026_barcelona_grand_prix,PER,11,3,33,83.599,2026-06-14 13:50:25.873,6039.108,6122.707,Cadillac,HARD,2.0,19.0,1,
Circuit de Barcelona-Catalunya,fastf1_2026_barcelona_grand_prix,ANT,12,1,46,80.704,2026-06-14 14:06:41.044,7014.279,7094.983,Mercedes,HARD,9.0,3.0,1,
Circuit de Barcelona-Catalunya,fastf1_2026_barcelona_grand_prix,ANT,12,2,45,80.717,2026-06-14 14:05:20.327,6933.562,7014.279,Mercedes,HARD,8.0,3.0,1,
Circuit de Barcelona-Catalunya,fastf1_2026_barcelona_grand_prix,ANT,12,3,47,80.867,2026-06-14 14:08:01.748,7094.983,7175.850,Mercedes,HARD,10.0,3.0,1,
Circuit de Barcelona-Catalunya,fastf1_2026_barcelona_grand_prix,ALO,14,1,27,85.366,2026-06-14 13:41:42.900,5516.135,5601.501,Aston Martin,HARD,6.0,20.0,1,
Circuit de Barcelona-Catalunya,fastf1_2026_barcelona_grand_prix,ALO,14,2,23,85.437,2026-06-14 13:36:00.053,5173.288,5258.725,Aston Martin,HARD,2.0,20.0,1,
Circuit de Barcelona-Catalunya,fastf1_2026_barcelona_grand_prix,ALO,14,3,26,85.691,2026-06-14 13:40:17.209,5430.444,5516.135,Aston Martin,HARD,5.0,20.0,1,
Circuit de Barcelona-Catalunya,fastf1_2026_barcelona_grand_prix,LEC,16,1,47,80.379,2026-06-14 14:08:24.546,7117.781,7198.160,Ferrari,HARD,8.0,6.0,1,
Circuit de Barcelona-Catalunya,fastf1_2026_barcelona_grand_prix,LEC,16,2,46,80.458,2026-06-14 14:07:04.088,7037.323,7117.781,Ferrari,HARD,7.0,6.0,1,
Circuit de Barcelona-Catalunya,fastf1_2026_barcelona_grand_prix,LEC,16,3,42,80.627,2026-06-14 14:01:40.841,6714.076,6794.703,Ferrari,HARD,3.0,6.0,1,
Circuit de Barcelona-Catalunya,fastf1_2026_barcelona_grand_prix,STR,18,1,3,85.904,2026-06-14 13:06:30.482,3403.717,3489.621,Aston Martin,HARD,3.0,21.0,1,
Circuit de Barcelona-Catalunya,fastf1_2026_barcelona_grand_prix,STR,18,2,2,86.301,2026-06-14 13:05:04.181,3317.416,3403.717,Aston Martin,HARD,2.0,21.0,1,
Circuit de Barcelona-Catalunya,fastf1_2026_barcelona_grand_prix,STR,18,3,4,86.430,2026-06-14 13:07:56.386,3489.621,3576.051,Aston Martin,HARD,4.0,21.0,1,
Circuit de Barcelona-Catalunya,fastf1_2026_barcelona_grand_prix,ALB,23,1,54,81.744,2026-06-14 14:33:51.890,8645.125,8726.869,Williams,SOFT,7.0,18.0,1,
Circuit de Barcelona-Catalunya,fastf1_2026_barcelona_grand_prix,ALB,23,2,36,83.151,2026-06-14 14:07:24.396,7057.631,7140.782,Williams,SOFT,2.0,19.0,1,
Circuit de Barcelona-Catalunya,fastf1_2026_barcelona_grand_prix,ALB,23,3,38,83.194,2026-06-14 14:10:10.742,7223.977,7307.171,Williams,SOFT,4.0,18.0,1,
Circuit de Barcelona-Catalunya,fastf1_2026_barcelona_grand_prix,HUL,27,1,2,83.447,2026-06-14 13:04:59.027,3312.262,3395.709,Audi,SOFT,2.0,9.0,1,
Circuit de Barcelona-Catalunya,fastf1_2026_barcelona_grand_prix,HUL,27,2,4,83.806,2026-06-14 13:07:46.474,3479.709,3563.515,Audi,SOFT,4.0,9.0,1,
Circuit de Barcelona-Catalunya,fastf1_2026_barcelona_grand_prix,HUL,27,3,19,83.954,2026-06-14 13:29:24.919,4778.154,4862.108,Audi,HARD,6.0,11.0,1,
Circuit de Barcelona-Catalunya,fastf1_2026_barcelona_grand_prix,LAW,30,1,45,82.691,2026-06-14 14:06:56.052,7029.287,7111.978,Racing Bulls,HARD,10.0,11.0,1,
Circuit de Barcelona-Catalunya,fastf1_2026_barcelona_grand_prix,LAW,30,2,46,82.708,2026-06-14 14:08:18.743,7111.978,7194.686,Racing Bulls,HARD,11.0,11.0,1,
Circuit de Barcelona-Catalunya,fastf1_2026_barcelona_grand_prix,LAW,30,3,43,82.829,2026-06-14 14:04:10.337,6863.572,6946.401,Racing Bulls,HARD,8.0,11.0,1,
Circuit de Barcelona-Catalunya,fastf1_2026_barcelona_grand_prix,OCO,31,1,63,81.643,2026-06-14 14:34:10.604,8663.839,8745.482,Haas F1 Team,SOFT,5.0,13.0,1,
Circuit de Barcelona-Catalunya,fastf1_2026_barcelona_grand_prix,OCO,31,2,43,83.055,2026-06-14 14:04:42.037,6895.272,6978.327,Haas F1 Team,MEDIUM,9.0,16.0,1,
Circuit de Barcelona-Catalunya,fastf1_2026_barcelona_grand_prix,OCO,31,3,36,83.109,2026-06-14 13:54:24.913,6278.148,6361.257,Haas F1 Team,MEDIUM,2.0,16.0,1,
Circuit de Barcelona-Catalunya,fastf1_2026_barcelona_grand_prix,LIN,41,1,45,81.914,2026-06-14 14:07:13.138,7046.373,7128.287,Racing Bulls,HARD,8.0,12.0,1,
Circuit de Barcelona-Catalunya,fastf1_2026_barcelona_grand_prix,LIN,41,2,46,82.299,2026-06-14 14:08:35.052,7128.287,7210.586,Racing Bulls,HARD,9.0,12.0,1,
Circuit de Barcelona-Catalunya,fastf1_2026_barcelona_grand_prix,LIN,41,3,48,82.441,2026-06-14 14:11:19.879,7293.114,7375.555,Racing Bulls,HARD,11.0,12.0,1,
Circuit de Barcelona-Catalunya,fastf1_2026_barcelona_grand_prix,COL,43,1,43,82.449,2026-06-14 14:04:06.942,6860.177,6942.626,Alpine,HARD,9.0,10.0,1,
Circuit de Barcelona-Catalunya,fastf1_2026_barcelona_grand_prix,COL,43,2,44,82.509,2026-06-14 14:05:29.391,6942.626,7025.135,Alpine,HARD,10.0,10.0,1,
Circuit de Barcelona-Catalunya,fastf1_2026_barcelona_grand_prix,COL,43,3,42,82.652,2026-06-14 14:02:44.290,6777.525,6860.177,Alpine,HARD,8.0,10.0,1,
Circuit de Barcelona-Catalunya,fastf1_2026_barcelona_grand_prix,HAM,44,1,44,80.122,2026-06-14 14:03:54.640,6847.875,6927.997,Ferrari,HARD,3.0,1.0,1,
Circuit de Barcelona-Catalunya,fastf1_2026_barcelona_grand_prix,HAM,44,2,45,80.129,2026-06-14 14:05:14.762,6927.997,7008.126,Ferrari,HARD,4.0,1.0,1,
Circuit de Barcelona-Catalunya,fastf1_2026_barcelona_grand_prix,HAM,44,3,47,80.182,2026-06-14 14:07:55.260,7088.495,7168.677,Ferrari,HARD,6.0,1.0,1,
Circuit de Barcelona-Catalunya,fastf1_2026_barcelona_grand_prix,SAI,55,1,58,82.061,2026-06-14 14:25:50.273,8163.508,8245.569,Williams,MEDIUM,3.0,15.0,1,
Circuit de Barcelona-Catalunya,fastf1_2026_barcelona_grand_prix,SAI,55,2,59,82.255,2026-06-14 14:27:12.334,8245.569,8327.824,Williams,MEDIUM,4.0,15.0,1,
Circuit de Barcelona-Catalunya,fastf1_2026_barcelona_grand_prix,SAI,55,3,57,82.280,2026-06-14 14:24:27.993,8081.228,8163.508,Williams,MEDIUM,2.0,15.0,1,
Circuit de Barcelona-Catalunya,fastf1_2026_barcelona_grand_prix,RUS,63,1,43,80.640,2026-06-14 14:02:37.265,6770.500,6851.140,Mercedes,HARD,7.0,2.0,1,
Circuit de Barcelona-Catalunya,fastf1_2026_barcelona_grand_prix,RUS,63,2,38,80.709,2026-06-14 13:55:15.018,6328.253,6408.962,Mercedes,HARD,2.0,3.0,1,
Circuit de Barcelona-Catalunya,fastf1_2026_barcelona_grand_prix,RUS,63,3,46,80.739,2026-06-14 14:06:39.466,7012.701,7093.440,Mercedes,HARD,10.0,2.0,1,
Circuit de Barcelona-Catalunya,fastf1_2026_barcelona_grand_prix,BOT,77,1,3,85.745,2026-06-14 13:06:29.549,3402.784,3488.529,Cadillac,MEDIUM,3.0,20.0,1,
Circuit de Barcelona-Catalunya,fastf1_2026_barcelona_grand_prix,BOT,77,2,2,86.038,2026-06-14 13:05:03.511,3316.746,3402.784,Cadillac,MEDIUM,2.0,20.0,1,
Circuit de Barcelona-Catalunya,fastf1_2026_barcelona_grand_prix,BOT,77,3,4,86.254,2026-06-14 13:07:55.294,3488.529,3574.783,Cadillac,MEDIUM,4.0,20.0,1,
Circuit de Barcelona-Catalunya,fastf1_2026_barcelona_grand_prix,PIA,81,1,46,80.835,2026-06-14 14:07:09.917,7043.152,7123.987,McLaren,HARD,10.0,7.0,1,
Circuit de Barcelona-Catalunya,fastf1_2026_barcelona_grand_prix,PIA,81,2,45,80.939,2026-06-14 14:05:48.978,6962.213,7043.152,McLaren,HARD,9.0,7.0,1,
Circuit de Barcelona-Catalunya,fastf1_2026_barcelona_grand_prix,PIA,81,3,43,80.974,2026-06-14 14:03:06.801,6800.036,6881.010,McLaren,HARD,7.0,7.0,1,
Circuit de Barcelona-Catalunya,fastf1_2026_barcelona_grand_prix,BEA,87,1,43,82.419,2026-06-14 14:04:31.739,6884.974,6967.393,Haas F1 Team,SOFT,,15.0,1,
Circuit de Barcelona-Catalunya,fastf1_2026_barcelona_grand_prix,BEA,87,2,41,82.484,2026-06-14 14:01:46.598,6719.833,6802.317,Haas F1 Team,SOFT,,15.0,1,
Circuit de Barcelona-Catalunya,fastf1_2026_barcelona_grand_prix,BEA,87,3,42,82.657,2026-06-14 14:03:09.082,6802.317,6884.974,Haas F1 Team,SOFT,,15.0,1,
Circuit Gilles-Villeneuve,fastf1_2026_canadian_grand_prix,NOR,1,1,36,75.845,2026-05-24 20:56:53.019,6577.545,6653.390,McLaren,MEDIUM,24.0,8.0,1,
Circuit Gilles-Villeneuve,fastf1_2026_canadian_grand_prix,NOR,1,2,38,76.014,2026-05-24 20:59:25.225,6729.751,6805.765,McLaren,MEDIUM,26.0,8.0,1,
Circuit Gilles-Villeneuve,fastf1_2026_canadian_grand_prix,NOR,1,3,28,76.169,2026-05-24 20:45:45.232,5909.758,5985.927,McLaren,MEDIUM,16.0,12.0,1,
Circuit Gilles-Villeneuve,fastf1_2026_canadian_grand_prix,VER,3,1,68,74.398,2026-05-24 21:37:00.654,8985.180,9059.578,Red Bull Racing,MEDIUM,37.0,3.0,1,
Circuit Gilles-Villeneuve,fastf1_2026_canadian_grand_prix,VER,3,2,65,74.423,2026-05-24 21:33:16.430,8760.956,8835.379,Red Bull Racing,MEDIUM,34.0,3.0,1,
Circuit Gilles-Villeneuve,fastf1_2026_canadian_grand_prix,VER,3,3,66,74.707,2026-05-24 21:34:30.853,8835.379,8910.086,Red Bull Racing,MEDIUM,35.0,3.0,1,
Circuit Gilles-Villeneuve,fastf1_2026_canadian_grand_prix,BOR,5,1,50,76.221,2026-05-24 21:15:50.273,7714.799,7791.020,Audi,MEDIUM,32.0,13.0,1,
Circuit Gilles-Villeneuve,fastf1_2026_canadian_grand_prix,BOR,5,2,48,76.266,2026-05-24 21:13:17.245,7561.771,7638.037,Audi,MEDIUM,30.0,13.0,1,
Circuit Gilles-Villeneuve,fastf1_2026_canadian_grand_prix,BOR,5,3,59,76.371,2026-05-24 21:28:01.733,8446.259,8522.630,Audi,MEDIUM,41.0,12.0,12,
Circuit Gilles-Villeneuve,fastf1_2026_canadian_grand_prix,HAD,6,1,67,74.578,2026-05-24 21:36:54.231,8978.757,9053.335,Red Bull Racing,SOFT,19.0,5.0,1,
Circuit Gilles-Villeneuve,fastf1_2026_canadian_grand_prix,HAD,6,2,58,74.758,2026-05-24 21:25:04.983,8269.509,8344.267,Red Bull Racing,SOFT,10.0,5.0,1,
Circuit Gilles-Villeneuve,fastf1_2026_canadian_grand_prix,HAD,6,3,60,75.008,2026-05-24 21:27:34.996,8419.522,8494.530,Red Bull Racing,SOFT,12.0,5.0,1,
Circuit Gilles-Villeneuve,fastf1_2026_canadian_grand_prix,GAS,10,1,67,75.390,2026-05-24 21:37:22.958,9007.484,9082.874,Alpine,HARD,37.0,8.0,1,
Circuit Gilles-Villeneuve,fastf1_2026_canadian_grand_prix,GAS,10,2,59,75.752,2026-05-24 21:27:11.276,8395.802,8471.554,Alpine,HARD,29.0,8.0,1,
Circuit Gilles-Villeneuve,fastf1_2026_canadian_grand_prix,GAS,10,3,57,75.785,2026-05-24 21:24:39.508,8244.034,8319.819,Alpine,HARD,27.0,8.0,1,
Circuit Gilles-Villeneuve,fastf1_2026_canadian_grand_prix,PER,11,1,37,76.915,2026-05-24 20:59:29.706,6734.232,6811.147,Cadillac,SOFT,8.0,16.0,1,
Circuit Gilles-Villeneuve,fastf1_2026_canadian_grand_prix,PER,11,2,35,77.120,2026-05-24 20:56:55.188,6579.714,6656.834,Cadillac,SOFT,6.0,16.0,1,
Circuit Gilles-Villeneuve,fastf1_2026_canadian_grand_prix,PER,11,3,36,77.398,2026-05-24 20:58:12.308,6656.834,6734.232,Cadillac,SOFT,7.0,16.0,1,
Circuit Gilles-Villeneuve,fastf1_2026_canadian_grand_prix,ANT,12,1,68,74.210,2026-05-24 21:36:49.566,8974.092,9048.302,Mercedes,MEDIUM,37.0,1.0,1,
Circuit Gilles-Villeneuve,fastf1_2026_canadian_grand_prix,ANT,12,2,61,74.340,2026-05-24 21:28:06.178,8450.704,8525.044,Mercedes,MEDIUM,30.0,1.0,12,
Circuit Gilles-Villeneuve,fastf1_2026_canadian_grand_prix,ANT,12,3,52,74.366,2026-05-24 21:16:12.579,7737.105,7811.471,Mercedes,MEDIUM,21.0,1.0,1,
Circuit Gilles-Villeneuve,fastf1_2026_canadian_grand_prix,ALO,14,1,10,79.635,2026-05-24 20:22:12.669,4497.195,4576.830,Aston Martin,SOFT,10.0,14.0,1,
Circuit Gilles-Villeneuve,fastf1_2026_canadian_grand_prix,ALO,14,2,14,79.699,2026-05-24 20:27:32.777,4817.303,4897.002,Aston Martin,SOFT,14.0,12.0,21,
Circuit Gilles-Villeneuve,fastf1_2026_canadian_grand_prix,ALO,14,3,9,79.708,2026-05-24 20:20:52.961,4417.487,4497.195,Aston Martin,SOFT,9.0,14.0,1,
Circuit Gilles-Villeneuve,fastf1_2026_canadian_grand_prix,LEC,16,1,37,75.297,2026-05-24 20:57:21.702,6606.228,6681.525,Ferrari,MEDIUM,6.0,5.0,1,
Circuit Gilles-Villeneuve,fastf1_2026_canadian_grand_prix,LEC,16,2,47,75.360,2026-05-24 21:10:13.120,7377.646,7453.006,Ferrari,MEDIUM,16.0,4.0,1,
Circuit Gilles-Villeneuve,fastf1_2026_canadian_grand_prix,LEC,16,3,38,75.364,2026-05-24 20:58:36.999,6681.525,6756.889,Ferrari,MEDIUM,7.0,5.0,1,
Circuit Gilles-Villeneuve,fastf1_2026_canadian_grand_prix,STR,18,1,39,78.721,2026-05-24 21:02:36.173,6920.699,6999.420,Aston Martin,SOFT,25.0,16.0,1,
Circuit Gilles-Villeneuve,fastf1_2026_canadian_grand_prix,STR,18,2,59,78.877,2026-05-24 21:30:19.556,8584.082,8662.959,Aston Martin,MEDIUM,10.0,15.0,1,
Circuit Gilles-Villeneuve,fastf1_2026_canadian_grand_prix,STR,18,3,41,78.926,2026-05-24 21:05:15.188,7079.714,7158.640,Aston Martin,SOFT,27.0,15.0,1,
Circuit Gilles-Villeneuve,fastf1_2026_canadian_grand_prix,ALB,23,1,11,77.221,2026-05-24 20:23:27.450,4571.976,4649.197,Williams,SOFT,11.0,12.0,1,
Circuit Gilles-Villeneuve,fastf1_2026_canadian_grand_prix,ALB,23,2,10,77.496,2026-05-24 20:22:09.954,4494.480,4571.976,Williams,SOFT,10.0,12.0,1,
Circuit Gilles-Villeneuve,fastf1_2026_canadian_grand_prix,ALB,23,3,9,77.641,2026-05-24 20:20:52.313,4416.839,4494.480,Williams,SOFT,9.0,12.0,1,
Circuit Gilles-Villeneuve,fastf1_2026_canadian_grand_prix,HUL,27,1,57,76.275,2026-05-24 21:25:17.018,8281.544,8357.819,Audi,MEDIUM,37.0,11.0,1,
Circuit Gilles-Villeneuve,fastf1_2026_canadian_grand_prix,HUL,27,2,50,76.284,2026-05-24 21:15:43.114,7707.640,7783.924,Audi,MEDIUM,30.0,12.0,1,
Circuit Gilles-Villeneuve,fastf1_2026_canadian_grand_prix,HUL,27,3,59,76.329,2026-05-24 21:27:50.350,8434.876,8511.205,Audi,MEDIUM,39.0,11.0,1,
Circuit Gilles-Villeneuve,fastf1_2026_canadian_grand_prix,LAW,30,1,59,75.604,2026-05-24 21:27:10.617,8395.143,8470.747,Racing Bulls,SOFT,29.0,7.0,1,
Circuit Gilles-Villeneuve,fastf1_2026_canadian_grand_prix,LAW,30,2,57,75.806,2026-05-24 21:24:38.708,8243.234,8319.040,Racing Bulls,SOFT,27.0,7.0,1,
Circuit Gilles-Villeneuve,fastf1_2026_canadian_grand_prix,LAW,30,3,56,75.940,2026-05-24 21:23:22.768,8167.294,8243.234,Racing Bulls,SOFT,26.0,7.0,1,
Circuit Gilles-Villeneuve,fastf1_2026_canadian_grand_prix,OCO,31,1,64,76.577,2026-05-24 21:35:22.341,8886.867,8963.444,Haas F1 Team,SOFT,34.0,14.0,1,
Circuit Gilles-Villeneuve,fastf1_2026_canadian_grand_prix,OCO,31,2,43,76.675,2026-05-24 21:07:19.016,7203.542,7280.217,Haas F1 Team,SOFT,13.0,14.0,1,
Circuit Gilles-Villeneuve,fastf1_2026_canadian_grand_prix,OCO,31,3,56,76.724,2026-05-24 21:25:06.800,8271.326,8348.050,Haas F1 Team,SOFT,26.0,14.0,1,
Circuit Gilles-Villeneuve,fastf1_2026_canadian_grand_prix,COL,43,1,67,75.462,2026-05-24 21:37:07.824,8992.350,9067.812,Alpine,HARD,37.0,6.0,1,
Circuit Gilles-Villeneuve,fastf1_2026_canadian_grand_prix,COL,43,2,62,75.765,2026-05-24 21:30:47.607,8612.133,8687.898,Alpine,HARD,32.0,6.0,1,
Circuit Gilles-Villeneuve,fastf1_2026_canadian_grand_prix,COL,43,3,65,75.980,2026-05-24 21:34:35.703,8840.229,8916.209,Alpine,HARD,35.0,6.0,1,
Circuit Gilles-Villeneuve,fastf1_2026_canadian_grand_prix,HAM,44,1,61,74.573,2026-05-24 21:28:16.061,8460.587,8535.160,Ferrari,MEDIUM,30.0,3.0,12,
Circuit Gilles-Villeneuve,fastf1_2026_canadian_grand_prix,HAM,44,2,68,74.646,2026-05-24 21:36:59.898,8984.424,9059.070,Ferrari,MEDIUM,37.0,2.0,1,
Circuit Gilles-Villeneuve,fastf1_2026_canadian_grand_prix,HAM,44,3,65,74.689,2026-05-24 21:33:15.709,8760.235,8834.924,Ferrari,MEDIUM,34.0,2.0,1,
Circuit Gilles-Villeneuve,fastf1_2026_canadian_grand_prix,SAI,55,1,65,75.852,2026-05-24 21:35:10.068,8874.594,8950.446,Williams,MEDIUM,35.0,9.0,1,
Circuit Gilles-Villeneuve,fastf1_2026_canadian_grand_prix,SAI,55,2,64,75.888,2026-05-24 21:33:54.180,8798.706,8874.594,Williams,MEDIUM,34.0,9.0,1,
Circuit Gilles-Villeneuve,fastf1_2026_canadian_grand_prix,SAI,55,3,60,76.034,2026-05-24 21:28:47.836,8492.362,8568.396,Williams,MEDIUM,30.0,9.0,12,
Circuit Gilles-Villeneuve,fastf1_2026_canadian_grand_prix,RUS,63,1,16,75.477,2026-05-24 20:29:13.635,4918.161,4993.638,Mercedes,SOFT,19.0,1.0,1,
Circuit Gilles-Villeneuve,fastf1_2026_canadian_grand_prix,RUS,63,2,20,75.538,2026-05-24 20:34:16.968,5221.494,5297.032,Mercedes,SOFT,23.0,1.0,1,
Circuit Gilles-Villeneuve,fastf1_2026_canadian_grand_prix,RUS,63,3,29,75.541,2026-05-24 20:45:43.531,5908.057,5983.598,Mercedes,SOFT,32.0,1.0,1,
Circuit Gilles-Villeneuve,fastf1_2026_canadian_grand_prix,BOT,77,1,59,77.725,2026-05-24 21:31:08.926,8633.452,8711.177,Cadillac,MEDIUM,10.0,16.0,1,
Circuit Gilles-Villeneuve,fastf1_2026_canadian_grand_prix,BOT,77,2,63,78.005,2026-05-24 21:36:21.096,8945.622,9023.627,Cadillac,MEDIUM,14.0,16.0,1,
Circuit Gilles-Villeneuve,fastf1_2026_canadian_grand_prix,BOT,77,3,64,78.065,2026-05-24 21:37:39.101,9023.627,9101.692,Cadillac,MEDIUM,15.0,16.0,1,
Circuit Gilles-Villeneuve,fastf1_2026_canadian_grand_prix,PIA,81,1,61,75.456,2026-05-24 21:30:37.806,8602.332,8677.788,McLaren,SOFT,14.0,13.0,1,
Circuit Gilles-Villeneuve,fastf1_2026_canadian_grand_prix,PIA,81,2,57,75.655,2026-05-24 21:25:32.027,8296.553,8372.208,McLaren,SOFT,10.0,13.0,1,
Circuit Gilles-Villeneuve,fastf1_2026_canadian_grand_prix,PIA,81,3,50,75.801,2026-05-24 21:15:32.805,7697.331,7773.132,McLaren,MEDIUM,42.0,11.0,1,
Circuit Gilles-Villeneuve,fastf1_2026_canadian_grand_prix,BEA,87,1,64,76.002,2026-05-24 21:33:58.571,8803.097,8879.099,Haas F1 Team,MEDIUM,34.0,10.0,1,
Circuit Gilles-Villeneuve,fastf1_2026_canadian_grand_prix,BEA,87,2,66,76.015,2026-05-24 21:36:30.762,8955.288,9031.303,Haas F1 Team,MEDIUM,36.0,10.0,1,
Circuit Gilles-Villeneuve,fastf1_2026_canadian_grand_prix,BEA,87,3,67,76.048,2026-05-24 21:37:46.777,9031.303,9107.351,Haas F1 Team,MEDIUM,37.0,10.0,1,
Shanghai International Circuit,fastf1_2026_china_grand_prix,VER,3,1,39,97.046,2026-03-15 08:09:08.228,7292.447,7389.493,Red Bull Racing,HARD,30.0,6.0,1,
Shanghai International Circuit,fastf1_2026_china_grand_prix,VER,3,2,38,97.063,2026-03-15 08:07:31.165,7195.384,7292.447,Red Bull Racing,HARD,29.0,6.0,1,
Shanghai International Circuit,fastf1_2026_china_grand_prix,VER,3,3,44,97.092,2026-03-15 08:17:14.440,7778.659,7875.751,Red Bull Racing,HARD,35.0,6.0,1,
Shanghai International Circuit,fastf1_2026_china_grand_prix,HAD,6,1,46,97.311,2026-03-15 08:20:46.937,7991.156,8088.467,Red Bull Racing,HARD,36.0,8.0,1,
Shanghai International Circuit,fastf1_2026_china_grand_prix,HAD,6,2,42,97.353,2026-03-15 08:14:16.962,7601.181,7698.534,Red Bull Racing,HARD,32.0,9.0,1,
Shanghai International Circuit,fastf1_2026_china_grand_prix,HAD,6,3,44,97.359,2026-03-15 08:17:31.962,7796.181,7893.540,Red Bull Racing,HARD,34.0,9.0,1,
Shanghai International Circuit,fastf1_2026_china_grand_prix,GAS,10,1,53,96.505,2026-03-15 08:31:48.976,8653.195,8749.700,Alpine,HARD,43.0,6.0,12,
Shanghai International Circuit,fastf1_2026_china_grand_prix,GAS,10,2,56,96.569,2026-03-15 08:36:38.801,8943.020,9039.589,Alpine,HARD,46.0,6.0,1,
Shanghai International Circuit,fastf1_2026_china_grand_prix,GAS,10,3,55,96.638,2026-03-15 08:35:02.163,8846.382,8943.020,Alpine,HARD,45.0,6.0,1,
Shanghai International Circuit,fastf1_2026_china_grand_prix,PER,11,1,50,98.523,2026-03-15 08:28:36.345,8460.564,8559.087,Cadillac,HARD,39.0,14.0,1,
Shanghai International Circuit,fastf1_2026_china_grand_prix,PER,11,2,55,98.898,2026-03-15 08:36:51.443,8955.662,9054.560,Cadillac,HARD,44.0,15.0,1,
Shanghai International Circuit,fastf1_2026_china_grand_prix,PER,11,3,53,98.959,2026-03-15 08:33:33.408,8757.627,8856.586,Cadillac,HARD,42.0,15.0,1,
Shanghai International Circuit,fastf1_2026_china_grand_prix,ANT,12,1,52,95.275,2026-03-15 08:29:13.376,8497.595,8592.870,Mercedes,HARD,42.0,1.0,1,
Shanghai International Circuit,fastf1_2026_china_grand_prix,ANT,12,2,46,95.282,2026-03-15 08:19:39.694,7923.913,8019.195,Mercedes,HARD,36.0,1.0,1,
Shanghai International Circuit,fastf1_2026_china_grand_prix,ANT,12,3,44,95.332,2026-03-15 08:16:28.834,7733.053,7828.385,Mercedes,HARD,34.0,1.0,1,
Shanghai International Circuit,fastf1_2026_china_grand_prix,ALO,14,1,25,99.721,2026-03-15 07:46:45.985,5950.204,6049.925,Aston Martin,HARD,25.0,17.0,1,
Shanghai International Circuit,fastf1_2026_china_grand_prix,ALO,14,2,28,99.745,2026-03-15 07:51:45.703,6249.922,6349.667,Aston Martin,HARD,28.0,17.0,1,
Shanghai International Circuit,fastf1_2026_china_grand_prix,ALO,14,3,26,99.755,2026-03-15 07:48:25.706,6049.925,6149.680,Aston Martin,HARD,26.0,17.0,1,
Shanghai International Circuit,fastf1_2026_china_grand_prix,LEC,16,1,56,96.011,2026-03-15 08:36:08.567,8912.786,9008.797,Ferrari,HARD,46.0,4.0,1,
Shanghai International Circuit,fastf1_2026_china_grand_prix,LEC,16,2,55,96.134,2026-03-15 08:34:32.433,8816.652,8912.786,Ferrari,HARD,45.0,4.0,1,
Shanghai International Circuit,fastf1_2026_china_grand_prix,LEC,16,3,47,96.204,2026-03-15 08:21:41.682,8045.901,8142.105,Ferrari,HARD,37.0,4.0,1,
Shanghai International Circuit,fastf1_2026_china_grand_prix,STR,18,1,9,100.883,2026-03-15 07:17:39.139,4203.358,4304.241,Aston Martin,HARD,9.0,16.0,1,
Shanghai International Circuit,fastf1_2026_china_grand_prix,STR,18,2,7,100.956,2026-03-15 07:14:17.009,4001.228,4102.184,Aston Martin,HARD,7.0,16.0,1,
Shanghai International Circuit,fastf1_2026_china_grand_prix,STR,18,3,6,100.971,2026-03-15 07:12:36.038,3900.257,4001.228,Aston Martin,HARD,6.0,16.0,1,
Shanghai International Circuit,fastf1_2026_china_grand_prix,HUL,27,1,38,96.180,2026-03-15 08:08:24.318,7248.537,7344.717,Audi,MEDIUM,3.0,14.0,1,
Shanghai International Circuit,fastf1_2026_china_grand_prix,HUL,27,2,37,96.620,2026-03-15 08:06:47.698,7151.917,7248.537,Audi,MEDIUM,2.0,16.0,1,
Shanghai International Circuit,fastf1_2026_china_grand_prix,HUL,27,3,41,96.625,2026-03-15 08:13:14.487,7538.706,7635.331,Audi,MEDIUM,6.0,14.0,1,
Shanghai International Circuit,fastf1_2026_china_grand_prix,LAW,30,1,56,97.096,2026-03-15 08:36:59.192,8963.411,9060.507,Racing Bulls,HARD,47.0,7.0,1,
Shanghai International Circuit,fastf1_2026_china_grand_prix,LAW,30,2,55,97.166,2026-03-15 08:35:22.026,8866.245,8963.411,Racing Bulls,HARD,46.0,7.0,1,
Shanghai International Circuit,fastf1_2026_china_grand_prix,LAW,30,3,50,97.201,2026-03-15 08:27:15.556,8379.775,8476.976,Racing Bulls,HARD,41.0,7.0,1,
Shanghai International Circuit,fastf1_2026_china_grand_prix,OCO,31,1,54,95.964,2026-03-15 08:35:09.711,8853.930,8949.894,Haas F1 Team,SOFT,8.0,14.0,1,
Shanghai International Circuit,fastf1_2026_china_grand_prix,OCO,31,2,55,96.281,2026-03-15 08:36:45.675,8949.894,9046.175,Haas F1 Team,SOFT,9.0,14.0,1,
Shanghai International Circuit,fastf1_2026_china_grand_prix,OCO,31,3,50,96.427,2026-03-15 08:28:42.495,8466.714,8563.141,Haas F1 Team,SOFT,4.0,15.0,1,
Shanghai International Circuit,fastf1_2026_china_grand_prix,LIN,41,1,46,96.099,2026-03-15 08:21:31.601,8035.820,8131.919,Racing Bulls,MEDIUM,4.0,12.0,1,
Shanghai International Circuit,fastf1_2026_china_grand_prix,LIN,41,2,45,96.104,2026-03-15 08:19:55.497,7939.716,8035.820,Racing Bulls,MEDIUM,3.0,14.0,1,
Shanghai International Circuit,fastf1_2026_china_grand_prix,LIN,41,3,47,96.147,2026-03-15 08:23:07.700,8131.919,8228.066,Racing Bulls,MEDIUM,5.0,12.0,1,
Shanghai International Circuit,fastf1_2026_china_grand_prix,COL,43,1,35,96.783,2026-03-15 08:03:18.443,6942.662,7039.445,Alpine,MEDIUM,3.0,13.0,1,
Shanghai International Circuit,fastf1_2026_china_grand_prix,COL,43,2,38,96.819,2026-03-15 08:08:09.207,7233.426,7330.245,Alpine,MEDIUM,6.0,12.0,1,
Shanghai International Circuit,fastf1_2026_china_grand_prix,COL,43,3,40,96.841,2026-03-15 08:11:23.243,7427.462,7524.303,Alpine,MEDIUM,8.0,12.0,1,
Shanghai International Circuit,fastf1_2026_china_grand_prix,HAM,44,1,55,96.092,2026-03-15 08:34:28.757,8812.976,8909.068,Ferrari,HARD,45.0,3.0,1,
Shanghai International Circuit,fastf1_2026_china_grand_prix,HAM,44,2,56,96.103,2026-03-15 08:36:04.849,8909.068,9005.171,Ferrari,HARD,46.0,3.0,1,
Shanghai International Circuit,fastf1_2026_china_grand_prix,HAM,44,3,51,96.134,2026-03-15 08:28:03.688,8427.907,8524.041,Ferrari,HARD,41.0,3.0,1,
Shanghai International Circuit,fastf1_2026_china_grand_prix,SAI,55,1,51,97.981,2026-03-15 08:29:14.399,8498.618,8596.599,Williams,HARD,42.0,9.0,1,
Shanghai International Circuit,fastf1_2026_china_grand_prix,SAI,55,2,48,98.022,2026-03-15 08:24:19.325,8203.544,8301.566,Williams,HARD,39.0,9.0,1,
Shanghai International Circuit,fastf1_2026_china_grand_prix,SAI,55,3,49,98.022,2026-03-15 08:25:57.347,8301.566,8399.588,Williams,HARD,40.0,9.0,1,
Shanghai International Circuit,fastf1_2026_china_grand_prix,RUS,63,1,56,95.400,2026-03-15 08:35:45.868,8890.087,8985.487,Mercedes,HARD,46.0,2.0,1,
Shanghai International Circuit,fastf1_2026_china_grand_prix,RUS,63,2,39,95.497,2026-03-15 08:08:36.928,7261.147,7356.644,Mercedes,HARD,29.0,2.0,1,
Shanghai International Circuit,fastf1_2026_china_grand_prix,RUS,63,3,38,95.529,2026-03-15 08:07:01.399,7165.618,7261.147,Mercedes,HARD,28.0,2.0,1,
Shanghai International Circuit,fastf1_2026_china_grand_prix,BOT,77,1,55,98.393,2026-03-15 08:36:33.464,8937.683,9036.076,Cadillac,HARD,45.0,13.0,1,
Shanghai International Circuit,fastf1_2026_china_grand_prix,BOT,77,2,44,98.914,2026-03-15 08:18:20.129,7844.348,7943.262,Cadillac,HARD,34.0,15.0,1,
Shanghai International Circuit,fastf1_2026_china_grand_prix,BOT,77,3,47,98.930,2026-03-15 08:23:19.080,8143.299,8242.229,Cadillac,HARD,37.0,13.0,1,
Shanghai International Circuit,fastf1_2026_china_grand_prix,BEA,87,1,56,96.429,2026-03-15 08:36:36.528,8940.747,9037.176,Haas F1 Team,HARD,46.0,5.0,1,
Shanghai International Circuit,fastf1_2026_china_grand_prix,BEA,87,2,55,96.648,2026-03-15 08:34:59.880,8844.099,8940.747,Haas F1 Team,HARD,45.0,5.0,1,
Shanghai International Circuit,fastf1_2026_china_grand_prix,BEA,87,3,53,96.680,2026-03-15 08:31:46.412,8650.631,8747.311,Haas F1 Team,HARD,43.0,5.0,12,
Suzuka Circuit,fastf1_2026_japan_grand_prix,NOR,1,1,52,93.208,2026-03-29 06:39:22.442,8945.074,9038.282,McLaren,HARD,36.0,5.0,1,"driver exclusions: 87, BEA"
Suzuka Circuit,fastf1_2026_japan_grand_prix,NOR,1,2,40,93.347,2026-03-29 06:20:36.939,7819.571,7912.918,McLaren,HARD,24.0,6.0,1,"driver exclusions: 87, BEA"
Suzuka Circuit,fastf1_2026_japan_grand_prix,NOR,1,3,36,93.359,2026-03-29 06:14:22.844,7445.476,7538.835,McLaren,HARD,20.0,6.0,1,"driver exclusions: 87, BEA"
Suzuka Circuit,fastf1_2026_japan_grand_prix,VER,3,1,41,93.552,2026-03-29 06:22:16.152,7918.784,8012.336,Red Bull Racing,HARD,19.0,8.0,1,"driver exclusions: 87, BEA"
Suzuka Circuit,fastf1_2026_japan_grand_prix,VER,3,2,48,93.704,2026-03-29 06:33:13.915,8576.547,8670.251,Red Bull Racing,HARD,26.0,7.0,1,"driver exclusions: 87, BEA"
Suzuka Circuit,fastf1_2026_japan_grand_prix,VER,3,3,42,93.706,2026-03-29 06:23:49.704,8012.336,8106.042,Red Bull Racing,HARD,20.0,8.0,1,"driver exclusions: 87, BEA"
Suzuka Circuit,fastf1_2026_japan_grand_prix,BOR,5,1,40,94.164,2026-03-29 06:20:58.074,7840.706,7934.870,Audi,HARD,18.0,13.0,1,"driver exclusions: 87, BEA"
Suzuka Circuit,fastf1_2026_japan_grand_prix,BOR,5,2,48,94.278,2026-03-29 06:33:36.481,8599.113,8693.391,Audi,HARD,26.0,13.0,1,"driver exclusions: 87, BEA"
Suzuka Circuit,fastf1_2026_japan_grand_prix,BOR,5,3,51,94.330,2026-03-29 06:38:20.400,8883.032,8977.362,Audi,HARD,29.0,13.0,1,"driver exclusions: 87, BEA"
Suzuka Circuit,fastf1_2026_japan_grand_prix,HAD,6,1,53,93.837,2026-03-29 06:41:28.028,9070.660,9164.497,Red Bull Racing,HARD,34.0,12.0,1,"driver exclusions: 87, BEA"
Suzuka Circuit,fastf1_2026_japan_grand_prix,HAD,6,2,36,93.960,2026-03-29 06:14:37.262,7459.894,7553.854,Red Bull Racing,HARD,17.0,11.0,1,"driver exclusions: 87, BEA"
Suzuka Circuit,fastf1_2026_japan_grand_prix,HAD,6,3,51,94.126,2026-03-29 06:38:19.601,8882.233,8976.359,Red Bull Racing,HARD,32.0,12.0,1,"driver exclusions: 87, BEA"
Suzuka Circuit,fastf1_2026_japan_grand_prix,GAS,10,1,39,93.691,2026-03-29 06:19:07.478,7730.110,7823.801,Alpine,HARD,17.0,7.0,1,"driver exclusions: 87, BEA"
Suzuka Circuit,fastf1_2026_japan_grand_prix,GAS,10,2,41,93.693,2026-03-29 06:22:14.945,7917.577,8011.270,Alpine,HARD,19.0,7.0,1,"driver exclusions: 87, BEA"
Suzuka Circuit,fastf1_2026_japan_grand_prix,GAS,10,3,40,93.776,2026-03-29 06:20:41.169,7823.801,7917.577,Alpine,HARD,18.0,7.0,1,"driver exclusions: 87, BEA"
Suzuka Circuit,fastf1_2026_japan_grand_prix,PER,11,1,53,95.637,2026-03-29 06:42:02.551,9105.183,9200.820,Cadillac,HARD,32.0,17.0,1,"driver exclusions: 87, BEA"
Suzuka Circuit,fastf1_2026_japan_grand_prix,PER,11,2,52,95.704,2026-03-29 06:40:26.847,9009.479,9105.183,Cadillac,HARD,31.0,17.0,1,"driver exclusions: 87, BEA"
Suzuka Circuit,fastf1_2026_japan_grand_prix,PER,11,3,48,95.960,2026-03-29 06:34:02.644,8625.276,8721.236,Cadillac,HARD,27.0,17.0,1,"driver exclusions: 87, BEA"
Suzuka Circuit,fastf1_2026_japan_grand_prix,ANT,12,1,49,92.432,2026-03-29 06:34:20.113,8642.745,8735.177,Mercedes,HARD,27.0,1.0,1,"driver exclusions: 87, BEA"
Suzuka Circuit,fastf1_2026_japan_grand_prix,ANT,12,2,43,92.538,2026-03-29 06:25:02.664,8085.296,8177.834,Mercedes,HARD,21.0,1.0,1,"driver exclusions: 87, BEA"
Suzuka Circuit,fastf1_2026_japan_grand_prix,ANT,12,3,44,92.570,2026-03-29 06:26:35.202,8177.834,8270.404,Mercedes,HARD,22.0,1.0,1,"driver exclusions: 87, BEA"
Suzuka Circuit,fastf1_2026_japan_grand_prix,ALO,14,1,47,96.221,2026-03-29 06:32:47.302,8549.934,8646.155,Aston Martin,MEDIUM,24.0,18.0,1,"driver exclusions: 87, BEA"
Suzuka Circuit,fastf1_2026_japan_grand_prix,ALO,14,2,45,96.677,2026-03-29 06:29:33.036,8355.668,8452.345,Aston Martin,MEDIUM,22.0,19.0,1,"driver exclusions: 87, BEA"
Suzuka Circuit,fastf1_2026_japan_grand_prix,ALO,14,3,51,96.751,2026-03-29 06:39:16.579,8939.211,9035.962,Aston Martin,MEDIUM,28.0,18.0,1,"driver exclusions: 87, BEA"
Suzuka Circuit,fastf1_2026_japan_grand_prix,LEC,16,1,53,92.634,2026-03-29 06:40:48.347,9030.979,9123.613,Ferrari,HARD,36.0,3.0,1,"driver exclusions: 87, BEA"
Suzuka Circuit,fastf1_2026_japan_grand_prix,LEC,16,2,51,92.897,2026-03-29 06:37:42.249,8844.881,8937.778,Ferrari,HARD,34.0,3.0,1,"driver exclusions: 87, BEA"
Suzuka Circuit,fastf1_2026_japan_grand_prix,LEC,16,3,48,93.011,2026-03-29 06:33:01.579,8564.211,8657.222,Ferrari,HARD,31.0,3.0,1,"driver exclusions: 87, BEA"
Suzuka Circuit,fastf1_2026_japan_grand_prix,STR,18,1,29,97.217,2026-03-29 06:03:33.914,6796.546,6893.763,Aston Martin,MEDIUM,5.0,19.0,1,"driver exclusions: 87, BEA"
Suzuka Circuit,fastf1_2026_japan_grand_prix,STR,18,2,28,97.515,2026-03-29 06:01:56.399,6699.031,6796.546,Aston Martin,MEDIUM,4.0,19.0,1,"driver exclusions: 87, BEA"
Suzuka Circuit,fastf1_2026_japan_grand_prix,STR,18,3,8,97.683,2026-03-29 05:25:41.256,4523.888,4621.571,Aston Martin,MEDIUM,8.0,20.0,1,"driver exclusions: 87, BEA"
Suzuka Circuit,fastf1_2026_japan_grand_prix,ALB,23,1,51,93.427,2026-03-29 06:40:37.375,9020.007,9113.434,Williams,MEDIUM,2.0,20.0,1,"driver exclusions: 87, BEA"
Suzuka Circuit,fastf1_2026_japan_grand_prix,ALB,23,2,40,94.969,2026-03-29 06:21:04.032,7846.664,7941.633,Williams,HARD,18.0,17.0,1,"driver exclusions: 87, BEA"
Suzuka Circuit,fastf1_2026_japan_grand_prix,ALB,23,3,41,94.973,2026-03-29 06:22:39.001,7941.633,8036.606,Williams,HARD,19.0,17.0,1,"driver exclusions: 87, BEA"
Suzuka Circuit,fastf1_2026_japan_grand_prix,HUL,27,1,47,93.732,2026-03-29 06:32:00.058,8502.690,8596.422,Audi,HARD,24.0,11.0,1,"driver exclusions: 87, BEA"
Suzuka Circuit,fastf1_2026_japan_grand_prix,HUL,27,2,53,93.796,2026-03-29 06:41:24.229,9066.861,9160.657,Audi,HARD,30.0,11.0,1,"driver exclusions: 87, BEA"
Suzuka Circuit,fastf1_2026_japan_grand_prix,HUL,27,3,52,93.853,2026-03-29 06:39:50.376,8973.008,9066.861,Audi,HARD,29.0,11.0,1,"driver exclusions: 87, BEA"
Suzuka Circuit,fastf1_2026_japan_grand_prix,LAW,30,1,53,94.230,2026-03-29 06:41:21.660,9064.292,9158.522,Racing Bulls,HARD,31.0,9.0,1,"driver exclusions: 87, BEA"
Suzuka Circuit,fastf1_2026_japan_grand_prix,LAW,30,2,52,94.295,2026-03-29 06:39:47.365,8969.997,9064.292,Racing Bulls,HARD,30.0,9.0,1,"driver exclusions: 87, BEA"
Suzuka Circuit,fastf1_2026_japan_grand_prix,LAW,30,3,51,94.341,2026-03-29 06:38:13.024,8875.656,8969.997,Racing Bulls,HARD,29.0,9.0,1,"driver exclusions: 87, BEA"
Suzuka Circuit,fastf1_2026_japan_grand_prix,OCO,31,1,53,94.256,2026-03-29 06:41:22.713,9065.345,9159.601,Haas F1 Team,HARD,34.0,10.0,1,"driver exclusions: 87, BEA"
Suzuka Circuit,fastf1_2026_japan_grand_prix,OCO,31,2,52,94.268,2026-03-29 06:39:48.445,8971.077,9065.345,Haas F1 Team,HARD,33.0,10.0,1,"driver exclusions: 87, BEA"
Suzuka Circuit,fastf1_2026_japan_grand_prix,OCO,31,3,39,94.348,2026-03-29 06:19:16.602,7739.234,7833.582,Haas F1 Team,HARD,20.0,10.0,1,"driver exclusions: 87, BEA"
Suzuka Circuit,fastf1_2026_japan_grand_prix,LIN,41,1,53,94.314,2026-03-29 06:41:31.262,9073.894,9168.208,Racing Bulls,HARD,35.0,14.0,1,"driver exclusions: 87, BEA"
Suzuka Circuit,fastf1_2026_japan_grand_prix,LIN,41,2,40,94.521,2026-03-29 06:20:59.014,7841.646,7936.167,Racing Bulls,HARD,22.0,14.0,1,"driver exclusions: 87, BEA"
Suzuka Circuit,fastf1_2026_japan_grand_prix,LIN,41,3,52,94.585,2026-03-29 06:39:56.677,8979.309,9073.894,Racing Bulls,HARD,34.0,14.0,1,"driver exclusions: 87, BEA"
Suzuka Circuit,fastf1_2026_japan_grand_prix,COL,43,1,41,94.512,2026-03-29 06:22:37.111,7939.743,8034.255,Alpine,HARD,24.0,16.0,1,"driver exclusions: 87, BEA"
Suzuka Circuit,fastf1_2026_japan_grand_prix,COL,43,2,53,94.685,2026-03-29 06:41:36.810,9079.442,9174.127,Alpine,HARD,36.0,16.0,1,"driver exclusions: 87, BEA"
Suzuka Circuit,fastf1_2026_japan_grand_prix,COL,43,3,43,94.746,2026-03-29 06:25:46.988,8129.620,8224.366,Alpine,HARD,26.0,16.0,1,"driver exclusions: 87, BEA"
Suzuka Circuit,fastf1_2026_japan_grand_prix,HAM,44,1,48,92.777,2026-03-29 06:33:05.682,8568.314,8661.091,Ferrari,HARD,26.0,5.0,1,"driver exclusions: 87, BEA"
Suzuka Circuit,fastf1_2026_japan_grand_prix,HAM,44,2,34,93.301,2026-03-29 06:11:11.765,7254.397,7347.698,Ferrari,HARD,12.0,3.0,1,"driver exclusions: 87, BEA"
Suzuka Circuit,fastf1_2026_japan_grand_prix,HAM,44,3,38,93.436,2026-03-29 06:17:26.354,7628.986,7722.422,Ferrari,HARD,16.0,3.0,1,"driver exclusions: 87, BEA"
Suzuka Circuit,fastf1_2026_japan_grand_prix,SAI,55,1,38,94.514,2026-03-29 06:17:50.504,7653.136,7747.650,Williams,HARD,16.0,15.0,1,"driver exclusions: 87, BEA"
Suzuka Circuit,fastf1_2026_japan_grand_prix,SAI,55,2,53,94.539,2026-03-29 06:41:36.199,9078.831,9173.370,Williams,HARD,31.0,15.0,1,"driver exclusions: 87, BEA"
Suzuka Circuit,fastf1_2026_japan_grand_prix,SAI,55,3,52,94.661,2026-03-29 06:40:01.538,8984.170,9078.831,Williams,HARD,30.0,15.0,1,"driver exclusions: 87, BEA"
Suzuka Circuit,fastf1_2026_japan_grand_prix,RUS,63,1,53,92.549,2026-03-29 06:40:48.923,9031.555,9124.104,Mercedes,HARD,32.0,4.0,1,"driver exclusions: 87, BEA"
Suzuka Circuit,fastf1_2026_japan_grand_prix,RUS,63,2,43,92.897,2026-03-29 06:25:16.562,8099.194,8192.091,Mercedes,HARD,22.0,4.0,1,"driver exclusions: 87, BEA"
Suzuka Circuit,fastf1_2026_japan_grand_prix,RUS,63,3,48,93.046,2026-03-29 06:33:02.108,8564.740,8657.786,Mercedes,HARD,27.0,4.0,1,"driver exclusions: 87, BEA"
Suzuka Circuit,fastf1_2026_japan_grand_prix,BOT,77,1,52,96.269,2026-03-29 06:41:12.130,9054.762,9151.031,Cadillac,MEDIUM,33.0,19.0,1,"driver exclusions: 87, BEA"
Suzuka Circuit,fastf1_2026_japan_grand_prix,BOT,77,2,42,96.631,2026-03-29 06:24:49.125,8071.757,8168.388,Cadillac,MEDIUM,23.0,20.0,1,"driver exclusions: 87, BEA"
Suzuka Circuit,fastf1_2026_japan_grand_prix,BOT,77,3,41,96.737,2026-03-29 06:23:12.388,7975.020,8071.757,Cadillac,MEDIUM,22.0,20.0,1,"driver exclusions: 87, BEA"
Suzuka Circuit,fastf1_2026_japan_grand_prix,PIA,81,1,49,92.996,2026-03-29 06:34:33.060,8655.692,8748.688,McLaren,HARD,31.0,2.0,1,"driver exclusions: 87, BEA"
Suzuka Circuit,fastf1_2026_japan_grand_prix,PIA,81,2,52,93.012,2026-03-29 06:39:13.148,8935.780,9028.792,McLaren,HARD,34.0,2.0,1,"driver exclusions: 87, BEA"
Suzuka Circuit,fastf1_2026_japan_grand_prix,PIA,81,3,47,93.197,2026-03-29 06:31:26.492,8469.124,8562.321,McLaren,HARD,29.0,2.0,1,"driver exclusions: 87, BEA"
Miami International Autodrome,fastf1_2026_miami_grand_prix,NOR,1,1,35,91.869,2026-05-03 18:01:57.594,6916.849,7008.718,McLaren,HARD,8.0,2.0,1,"driver exclusions: 6, HAD"
Miami International Autodrome,fastf1_2026_miami_grand_prix,NOR,1,2,33,91.991,2026-05-03 17:58:53.283,6732.538,6824.529,McLaren,HARD,6.0,2.0,1,"driver exclusions: 6, HAD"
Miami International Autodrome,fastf1_2026_miami_grand_prix,NOR,1,3,54,92.038,2026-05-03 18:31:14.390,8673.645,8765.683,McLaren,HARD,27.0,2.0,1,"driver exclusions: 6, HAD"
Miami International Autodrome,fastf1_2026_miami_grand_prix,VER,3,1,24,93.110,2026-05-03 17:44:55.093,5894.348,5987.458,Red Bull Racing,HARD,18.0,5.0,1,"driver exclusions: 6, HAD"
Miami International Autodrome,fastf1_2026_miami_grand_prix,VER,3,2,37,93.113,2026-05-03 18:05:11.989,7111.244,7204.357,Red Bull Racing,HARD,31.0,3.0,1,"driver exclusions: 6, HAD"
Miami International Autodrome,fastf1_2026_miami_grand_prix,VER,3,3,38,93.148,2026-05-03 18:06:45.102,7204.357,7297.505,Red Bull Racing,HARD,32.0,3.0,1,"driver exclusions: 6, HAD"
Miami International Autodrome,fastf1_2026_miami_grand_prix,BOR,5,1,55,93.500,2026-05-03 18:34:23.776,8863.031,8956.531,Audi,HARD,23.0,12.0,1,"driver exclusions: 6, HAD"
Miami International Autodrome,fastf1_2026_miami_grand_prix,BOR,5,2,34,93.559,2026-05-03 18:01:26.074,6885.329,6978.888,Audi,HARD,2.0,13.0,1,"driver exclusions: 6, HAD"
Miami International Autodrome,fastf1_2026_miami_grand_prix,BOR,5,3,36,93.590,2026-05-03 18:04:33.535,7072.790,7166.380,Audi,HARD,4.0,13.0,1,"driver exclusions: 6, HAD"
Miami International Autodrome,fastf1_2026_miami_grand_prix,GAS,10,1,4,94.856,2026-05-03 17:08:58.603,3737.858,3832.714,Alpine,MEDIUM,4.0,11.0,1,"driver exclusions: 6, HAD"
Miami International Autodrome,fastf1_2026_miami_grand_prix,GAS,10,2,3,95.046,2026-05-03 17:07:23.557,3642.812,3737.858,Alpine,MEDIUM,3.0,11.0,1,"driver exclusions: 6, HAD"
Miami International Autodrome,fastf1_2026_miami_grand_prix,GAS,10,3,2,95.576,2026-05-03 17:05:47.981,3547.236,3642.812,Alpine,MEDIUM,2.0,11.0,1,"driver exclusions: 6, HAD"
Miami International Autodrome,fastf1_2026_miami_grand_prix,PER,11,1,31,94.895,2026-05-03 17:57:01.145,6620.400,6715.295,Cadillac,HARD,2.0,16.0,1,"driver exclusions: 6, HAD"
Miami International Autodrome,fastf1_2026_miami_grand_prix,PER,11,2,33,95.011,2026-05-03 18:00:11.419,6810.674,6905.685,Cadillac,HARD,4.0,16.0,1,"driver exclusions: 6, HAD"
Miami International Autodrome,fastf1_2026_miami_grand_prix,PER,11,3,55,95.250,2026-05-03 18:35:29.024,8928.279,9023.529,Cadillac,HARD,26.0,16.0,12,"driver exclusions: 6, HAD"
Miami International Autodrome,fastf1_2026_miami_grand_prix,ANT,12,1,34,91.968,2026-05-03 18:00:24.169,6823.424,6915.392,Mercedes,HARD,8.0,1.0,1,"driver exclusions: 6, HAD"
Miami International Autodrome,fastf1_2026_miami_grand_prix,ANT,12,2,54,91.986,2026-05-03 18:31:11.996,8671.251,8763.237,Mercedes,HARD,28.0,1.0,1,"driver exclusions: 6, HAD"
Miami International Autodrome,fastf1_2026_miami_grand_prix,ANT,12,3,32,92.046,2026-05-03 17:57:20.010,6639.265,6731.311,Mercedes,HARD,6.0,1.0,1,"driver exclusions: 6, HAD"
Miami International Autodrome,fastf1_2026_miami_grand_prix,ALO,14,1,44,93.512,2026-05-03 18:17:55.306,7874.561,7968.073,Aston Martin,SOFT,3.0,16.0,1,"driver exclusions: 6, HAD"
Miami International Autodrome,fastf1_2026_miami_grand_prix,ALO,14,2,45,94.594,2026-05-03 18:19:28.818,7968.073,8062.667,Aston Martin,SOFT,4.0,16.0,1,"driver exclusions: 6, HAD"
Miami International Autodrome,fastf1_2026_miami_grand_prix,ALO,14,3,55,94.944,2026-05-03 18:35:26.785,8926.040,9020.984,Aston Martin,SOFT,14.0,15.0,12,"driver exclusions: 6, HAD"
Miami International Autodrome,fastf1_2026_miami_grand_prix,LEC,16,1,44,92.515,2026-05-03 18:16:08.009,7767.264,7859.779,Ferrari,HARD,23.0,4.0,1,"driver exclusions: 6, HAD"
Miami International Autodrome,fastf1_2026_miami_grand_prix,LEC,16,2,50,92.566,2026-05-03 18:25:26.170,8325.425,8417.991,Ferrari,HARD,29.0,3.0,1,"driver exclusions: 6, HAD"
Miami International Autodrome,fastf1_2026_miami_grand_prix,LEC,16,3,51,92.578,2026-05-03 18:26:58.736,8417.991,8510.569,Ferrari,HARD,30.0,3.0,1,"driver exclusions: 6, HAD"
Miami International Autodrome,fastf1_2026_miami_grand_prix,STR,18,1,56,94.716,2026-05-03 18:37:09.926,9029.181,9123.897,Aston Martin,SOFT,19.0,17.0,1,"driver exclusions: 6, HAD"
Miami International Autodrome,fastf1_2026_miami_grand_prix,STR,18,2,52,94.759,2026-05-03 18:30:49.401,8648.656,8743.415,Aston Martin,SOFT,15.0,17.0,1,"driver exclusions: 6, HAD"
Miami International Autodrome,fastf1_2026_miami_grand_prix,STR,18,3,54,94.806,2026-05-03 18:33:58.971,8838.226,8933.032,Aston Martin,SOFT,17.0,17.0,1,"driver exclusions: 6, HAD"
Miami International Autodrome,fastf1_2026_miami_grand_prix,ALB,23,1,30,93.784,2026-05-03 17:54:53.531,6492.786,6586.570,Williams,HARD,3.0,12.0,1,"driver exclusions: 6, HAD"
Miami International Autodrome,fastf1_2026_miami_grand_prix,ALB,23,2,31,93.837,2026-05-03 17:56:27.315,6586.570,6680.407,Williams,HARD,4.0,12.0,1,"driver exclusions: 6, HAD"
Miami International Autodrome,fastf1_2026_miami_grand_prix,ALB,23,3,29,93.875,2026-05-03 17:53:19.656,6398.911,6492.786,Williams,HARD,2.0,12.0,1,"driver exclusions: 6, HAD"
Miami International Autodrome,fastf1_2026_miami_grand_prix,HUL,27,1,4,94.523,2026-05-03 17:09:32.193,3771.448,3865.971,Audi,MEDIUM,3.0,22.0,1,"driver exclusions: 6, HAD"
Miami International Autodrome,fastf1_2026_miami_grand_prix,HUL,27,2,3,94.930,2026-05-03 17:07:57.263,3676.518,3771.448,Audi,MEDIUM,2.0,22.0,1,"driver exclusions: 6, HAD"
Miami International Autodrome,fastf1_2026_miami_grand_prix,LAW,30,1,3,94.814,2026-05-03 17:07:22.658,3641.913,3736.727,Racing Bulls,MEDIUM,3.0,9.0,1,"driver exclusions: 6, HAD"
Miami International Autodrome,fastf1_2026_miami_grand_prix,LAW,30,2,4,95.184,2026-05-03 17:08:57.472,3736.727,3831.911,Racing Bulls,MEDIUM,4.0,9.0,1,"driver exclusions: 6, HAD"
Miami International Autodrome,fastf1_2026_miami_grand_prix,LAW,30,3,2,97.079,2026-05-03 17:05:45.579,3544.834,3641.913,Racing Bulls,MEDIUM,2.0,9.0,1,"driver exclusions: 6, HAD"
Miami International Autodrome,fastf1_2026_miami_grand_prix,OCO,31,1,33,93.712,2026-05-03 17:59:47.176,6786.431,6880.143,Haas F1 Team,HARD,2.0,12.0,1,"driver exclusions: 6, HAD"
Miami International Autodrome,fastf1_2026_miami_grand_prix,OCO,31,2,35,93.870,2026-05-03 18:02:54.939,6974.194,7068.064,Haas F1 Team,HARD,4.0,12.0,1,"driver exclusions: 6, HAD"
Miami International Autodrome,fastf1_2026_miami_grand_prix,OCO,31,3,34,94.051,2026-05-03 18:01:20.888,6880.143,6974.194,Haas F1 Team,HARD,3.0,12.0,1,"driver exclusions: 6, HAD"
Miami International Autodrome,fastf1_2026_miami_grand_prix,LIN,41,1,30,94.058,2026-05-03 17:55:14.069,6513.324,6607.382,Racing Bulls,HARD,2.0,15.0,1,"driver exclusions: 6, HAD"
Miami International Autodrome,fastf1_2026_miami_grand_prix,LIN,41,2,31,94.175,2026-05-03 17:56:48.127,6607.382,6701.557,Racing Bulls,HARD,3.0,15.0,1,"driver exclusions: 6, HAD"
Miami International Autodrome,fastf1_2026_miami_grand_prix,LIN,41,3,52,94.298,2026-05-03 18:30:00.895,8600.150,8694.448,Racing Bulls,HARD,24.0,14.0,1,"driver exclusions: 6, HAD"
Miami International Autodrome,fastf1_2026_miami_grand_prix,COL,43,1,33,93.035,2026-05-03 17:59:25.769,6765.024,6858.059,Alpine,HARD,2.0,8.0,1,"driver exclusions: 6, HAD"
Miami International Autodrome,fastf1_2026_miami_grand_prix,COL,43,2,56,93.059,2026-05-03 18:35:17.675,8916.930,9009.989,Alpine,HARD,25.0,8.0,12,"driver exclusions: 6, HAD"
Miami International Autodrome,fastf1_2026_miami_grand_prix,COL,43,3,34,93.070,2026-05-03 18:00:58.804,6858.059,6951.129,Alpine,HARD,3.0,8.0,1,"driver exclusions: 6, HAD"
Miami International Autodrome,fastf1_2026_miami_grand_prix,HAM,44,1,29,92.676,2026-05-03 17:53:03.203,6382.458,6475.134,Ferrari,HARD,2.0,8.0,1,"driver exclusions: 6, HAD"
Miami International Autodrome,fastf1_2026_miami_grand_prix,HAM,44,2,30,92.712,2026-05-03 17:54:35.879,6475.134,6567.846,Ferrari,HARD,3.0,8.0,1,"driver exclusions: 6, HAD"
Miami International Autodrome,fastf1_2026_miami_grand_prix,HAM,44,3,31,92.864,2026-05-03 17:56:08.591,6567.846,6660.710,Ferrari,HARD,4.0,8.0,1,"driver exclusions: 6, HAD"
Miami International Autodrome,fastf1_2026_miami_grand_prix,SAI,55,1,30,93.026,2026-05-03 17:54:52.338,6491.593,6584.619,Williams,HARD,2.0,11.0,1,"driver exclusions: 6, HAD"
Miami International Autodrome,fastf1_2026_miami_grand_prix,SAI,55,2,31,93.311,2026-05-03 17:56:25.364,6584.619,6677.930,Williams,HARD,3.0,11.0,1,"driver exclusions: 6, HAD"
Miami International Autodrome,fastf1_2026_miami_grand_prix,SAI,55,3,33,93.547,2026-05-03 17:59:32.412,6771.667,6865.214,Williams,HARD,5.0,9.0,1,"driver exclusions: 6, HAD"
Miami International Autodrome,fastf1_2026_miami_grand_prix,RUS,63,1,53,92.446,2026-05-03 18:30:13.874,8613.129,8705.575,Mercedes,HARD,33.0,6.0,1,"driver exclusions: 6, HAD"
Miami International Autodrome,fastf1_2026_miami_grand_prix,RUS,63,2,22,92.636,2026-05-03 17:42:00.052,5719.307,5811.943,Mercedes,HARD,2.0,10.0,1,"driver exclusions: 6, HAD"
Miami International Autodrome,fastf1_2026_miami_grand_prix,RUS,63,3,50,92.701,2026-05-03 18:25:35.489,8334.744,8427.445,Mercedes,HARD,30.0,6.0,1,"driver exclusions: 6, HAD"
Miami International Autodrome,fastf1_2026_miami_grand_prix,BOT,77,1,16,96.080,2026-05-03 17:32:36.558,5155.813,5251.893,Cadillac,SOFT,10.0,16.0,1,"driver exclusions: 6, HAD"
Miami International Autodrome,fastf1_2026_miami_grand_prix,BOT,77,2,26,96.262,2026-05-03 17:49:05.646,6144.901,6241.163,Cadillac,MEDIUM,5.0,18.0,1,"driver exclusions: 6, HAD"
Miami International Autodrome,fastf1_2026_miami_grand_prix,BOT,77,3,14,96.326,2026-05-03 17:29:23.877,4963.132,5059.458,Cadillac,SOFT,8.0,18.0,1,"driver exclusions: 6, HAD"
Miami International Autodrome,fastf1_2026_miami_grand_prix,PIA,81,1,30,91.949,2026-05-03 17:54:31.250,6470.505,6562.454,McLaren,HARD,2.0,7.0,1,"driver exclusions: 6, HAD"
Miami International Autodrome,fastf1_2026_miami_grand_prix,PIA,81,2,54,91.986,2026-05-03 18:31:37.938,8697.193,8789.179,McLaren,HARD,26.0,4.0,1,"driver exclusions: 6, HAD"
Miami International Autodrome,fastf1_2026_miami_grand_prix,PIA,81,3,53,92.220,2026-05-03 18:30:05.718,8604.973,8697.193,McLaren,HARD,25.0,4.0,1,"driver exclusions: 6, HAD"
Miami International Autodrome,fastf1_2026_miami_grand_prix,BEA,87,1,28,93.744,2026-05-03 17:51:47.142,6306.397,6400.141,Haas F1 Team,HARD,2.0,13.0,1,"driver exclusions: 6, HAD"
Miami International Autodrome,fastf1_2026_miami_grand_prix,BEA,87,2,30,93.841,2026-05-03 17:54:54.947,6494.202,6588.043,Haas F1 Team,HARD,4.0,13.0,1,"driver exclusions: 6, HAD"
Miami International Autodrome,fastf1_2026_miami_grand_prix,BEA,87,3,33,93.867,2026-05-03 17:59:36.975,6776.230,6870.097,Haas F1 Team,HARD,7.0,11.0,1,"driver exclusions: 6, HAD"
Circuit de Monaco,fastf1_2026_monaco_grand_prix,NOR,1,1,5,78.988,2026-06-07 13:08:43.124,3650.865,3729.853,McLaren,MEDIUM,5.0,8.0,1,clock exclusion: 14:35:00-15:10:00; minimum position samples/lap: 50
Circuit de Monaco,fastf1_2026_monaco_grand_prix,NOR,1,2,4,79.491,2026-06-07 13:07:23.633,3571.374,3650.865,McLaren,MEDIUM,4.0,8.0,1,clock exclusion: 14:35:00-15:10:00; minimum position samples/lap: 50
Circuit de Monaco,fastf1_2026_monaco_grand_prix,NOR,1,3,3,80.195,2026-06-07 13:06:03.438,3491.179,3571.374,McLaren,MEDIUM,3.0,8.0,1,clock exclusion: 14:35:00-15:10:00; minimum position samples/lap: 50
Circuit de Monaco,fastf1_2026_monaco_grand_prix,BOR,5,1,3,81.267,2026-06-07 13:06:35.731,3523.472,3604.739,Audi,HARD,2.0,20.0,1,clock exclusion: 14:35:00-15:10:00; minimum position samples/lap: 50
Circuit de Monaco,fastf1_2026_monaco_grand_prix,BOR,5,2,5,81.680,2026-06-07 13:09:18.685,3686.426,3768.106,Audi,HARD,4.0,20.0,1,clock exclusion: 14:35:00-15:10:00; minimum position samples/lap: 50
Circuit de Monaco,fastf1_2026_monaco_grand_prix,BOR,5,3,4,81.687,2026-06-07 13:07:56.998,3604.739,3686.426,Audi,HARD,3.0,20.0,1,clock exclusion: 14:35:00-15:10:00; minimum position samples/lap: 50
Circuit de Monaco,fastf1_2026_monaco_grand_prix,HAD,6,1,5,77.402,2026-06-07 13:08:33.735,3641.476,3718.878,Red Bull Racing,MEDIUM,5.0,4.0,1,clock exclusion: 14:35:00-15:10:00; minimum position samples/lap: 50
Circuit de Monaco,fastf1_2026_monaco_grand_prix,HAD,6,2,4,77.551,2026-06-07 13:07:16.184,3563.925,3641.476,Red Bull Racing,MEDIUM,4.0,4.0,1,clock exclusion: 14:35:00-15:10:00; minimum position samples/lap: 50
Circuit de Monaco,fastf1_2026_monaco_grand_prix,HAD,6,3,3,78.140,2026-06-07 13:05:58.044,3485.785,3563.925,Red Bull Racing,MEDIUM,3.0,4.0,1,clock exclusion: 14:35:00-15:10:00; minimum position samples/lap: 50
Circuit de Monaco,fastf1_2026_monaco_grand_prix,GAS,10,1,5,79.092,2026-06-07 13:08:42.142,3649.883,3728.975,Alpine,MEDIUM,5.0,7.0,1,clock exclusion: 14:35:00-15:10:00; minimum position samples/lap: 50
Circuit de Monaco,fastf1_2026_monaco_grand_prix,GAS,10,2,4,79.124,2026-06-07 13:07:23.018,3570.759,3649.883,Alpine,MEDIUM,4.0,7.0,1,clock exclusion: 14:35:00-15:10:00; minimum position samples/lap: 50
Circuit de Monaco,fastf1_2026_monaco_grand_prix,GAS,10,3,3,80.073,2026-06-07 13:06:02.945,3490.686,3570.759,Alpine,MEDIUM,3.0,7.0,1,clock exclusion: 14:35:00-15:10:00; minimum position samples/lap: 50
Circuit de Monaco,fastf1_2026_monaco_grand_prix,PER,11,1,3,80.479,2026-06-07 13:06:08.802,3496.543,3577.022,Cadillac,SOFT,3.0,14.0,1,clock exclusion: 14:35:00-15:10:00; minimum position samples/lap: 50
Circuit de Monaco,fastf1_2026_monaco_grand_prix,PER,11,2,2,81.504,2026-06-07 13:04:47.298,3415.039,3496.543,Cadillac,SOFT,2.0,14.0,1,clock exclusion: 14:35:00-15:10:00; minimum position samples/lap: 50
Circuit de Monaco,fastf1_2026_monaco_grand_prix,ANT,12,1,5,76.661,2026-06-07 13:08:26.347,3634.088,3710.749,Mercedes,MEDIUM,5.0,1.0,1,clock exclusion: 14:35:00-15:10:00; minimum position samples/lap: 50
Circuit de Monaco,fastf1_2026_monaco_grand_prix,ANT,12,2,3,76.996,2026-06-07 13:05:52.303,3480.044,3557.040,Mercedes,MEDIUM,3.0,1.0,1,clock exclusion: 14:35:00-15:10:00; minimum position samples/lap: 50
Circuit de Monaco,fastf1_2026_monaco_grand_prix,ANT,12,3,4,77.048,2026-06-07 13:07:09.299,3557.040,3634.088,Mercedes,MEDIUM,4.0,1.0,1,clock exclusion: 14:35:00-15:10:00; minimum position samples/lap: 50
Circuit de Monaco,fastf1_2026_monaco_grand_prix,ALO,14,1,5,80.326,2026-06-07 13:09:14.094,3681.835,3762.161,Aston Martin,SOFT,2.0,17.0,1,clock exclusion: 14:35:00-15:10:00; minimum position samples/lap: 50
Circuit de Monaco,fastf1_2026_monaco_grand_prix,ALO,14,2,2,82.343,2026-06-07 13:04:49.390,3417.131,3499.474,Aston Martin,MEDIUM,2.0,17.0,1,clock exclusion: 14:35:00-15:10:00; minimum position samples/lap: 50
Circuit de Monaco,fastf1_2026_monaco_grand_prix,LEC,16,1,4,77.470,2026-06-07 13:07:13.985,3561.726,3639.196,Ferrari,MEDIUM,4.0,3.0,1,clock exclusion: 14:35:00-15:10:00; minimum position samples/lap: 50
Circuit de Monaco,fastf1_2026_monaco_grand_prix,LEC,16,2,5,77.655,2026-06-07 13:08:31.455,3639.196,3716.851,Ferrari,MEDIUM,5.0,3.0,1,clock exclusion: 14:35:00-15:10:00; minimum position samples/lap: 50
Circuit de Monaco,fastf1_2026_monaco_grand_prix,LEC,16,3,3,77.793,2026-06-07 13:05:56.192,3483.933,3561.726,Ferrari,MEDIUM,3.0,3.0,1,clock exclusion: 14:35:00-15:10:00; minimum position samples/lap: 50
Circuit de Monaco,fastf1_2026_monaco_grand_prix,STR,18,1,3,81.900,2026-06-07 13:06:13.404,3501.145,3583.045,Aston Martin,MEDIUM,3.0,17.0,1,clock exclusion: 14:35:00-15:10:00; minimum position samples/lap: 50
Circuit de Monaco,fastf1_2026_monaco_grand_prix,STR,18,2,2,82.082,2026-06-07 13:04:51.322,3419.063,3501.145,Aston Martin,MEDIUM,2.0,18.0,1,clock exclusion: 14:35:00-15:10:00; minimum position samples/lap: 50
Circuit de Monaco,fastf1_2026_monaco_grand_prix,ALB,23,1,5,79.662,2026-06-07 13:08:45.529,3653.270,3732.932,Williams,MEDIUM,5.0,10.0,1,clock exclusion: 14:35:00-15:10:00; minimum position samples/lap: 50
Circuit de Monaco,fastf1_2026_monaco_grand_prix,ALB,23,2,4,79.888,2026-06-07 13:07:25.641,3573.382,3653.270,Williams,MEDIUM,4.0,10.0,1,clock exclusion: 14:35:00-15:10:00; minimum position samples/lap: 50
Circuit de Monaco,fastf1_2026_monaco_grand_prix,ALB,23,3,3,80.341,2026-06-07 13:06:05.300,3493.041,3573.382,Williams,MEDIUM,3.0,10.0,1,clock exclusion: 14:35:00-15:10:00; minimum position samples/lap: 50
Circuit de Monaco,fastf1_2026_monaco_grand_prix,HUL,27,1,4,80.016,2026-06-07 13:07:27.633,3575.374,3655.390,Audi,MEDIUM,4.0,12.0,1,clock exclusion: 14:35:00-15:10:00; minimum position samples/lap: 50
Circuit de Monaco,fastf1_2026_monaco_grand_prix,HUL,27,2,5,80.179,2026-06-07 13:08:47.649,3655.390,3735.569,Audi,MEDIUM,5.0,12.0,1,clock exclusion: 14:35:00-15:10:00; minimum position samples/lap: 50
Circuit de Monaco,fastf1_2026_monaco_grand_prix,HUL,27,3,3,80.535,2026-06-07 13:06:07.098,3494.839,3575.374,Audi,MEDIUM,3.0,12.0,1,clock exclusion: 14:35:00-15:10:00; minimum position samples/lap: 50
Circuit de Monaco,fastf1_2026_monaco_grand_prix,LAW,30,1,5,79.307,2026-06-07 13:08:44.189,3651.930,3731.237,Racing Bulls,MEDIUM,5.0,9.0,1,clock exclusion: 14:35:00-15:10:00; minimum position samples/lap: 50
Circuit de Monaco,fastf1_2026_monaco_grand_prix,LAW,30,2,4,79.683,2026-06-07 13:07:24.506,3572.247,3651.930,Racing Bulls,MEDIUM,4.0,9.0,1,clock exclusion: 14:35:00-15:10:00; minimum position samples/lap: 50
Circuit de Monaco,fastf1_2026_monaco_grand_prix,LAW,30,3,3,80.394,2026-06-07 13:06:04.112,3491.853,3572.247,Racing Bulls,MEDIUM,3.0,9.0,1,clock exclusion: 14:35:00-15:10:00; minimum position samples/lap: 50
Circuit de Monaco,fastf1_2026_monaco_grand_prix,OCO,31,1,5,79.445,2026-06-07 13:08:51.175,3658.916,3738.361,Haas F1 Team,MEDIUM,5.0,15.0,1,clock exclusion: 14:35:00-15:10:00; minimum position samples/lap: 50
Circuit de Monaco,fastf1_2026_monaco_grand_prix,OCO,31,2,4,80.237,2026-06-07 13:07:30.938,3578.679,3658.916,Haas F1 Team,MEDIUM,4.0,15.0,1,clock exclusion: 14:35:00-15:10:00; minimum position samples/lap: 50
Circuit de Monaco,fastf1_2026_monaco_grand_prix,OCO,31,3,3,80.587,2026-06-07 13:06:10.351,3498.092,3578.679,Haas F1 Team,MEDIUM,3.0,16.0,1,clock exclusion: 14:35:00-15:10:00; minimum position samples/lap: 50
Circuit de Monaco,fastf1_2026_monaco_grand_prix,LIN,41,1,5,79.419,2026-06-07 13:08:50.228,3657.969,3737.388,Racing Bulls,MEDIUM,5.0,14.0,1,clock exclusion: 14:35:00-15:10:00; minimum position samples/lap: 50
Circuit de Monaco,fastf1_2026_monaco_grand_prix,LIN,41,2,4,80.116,2026-06-07 13:07:30.112,3577.853,3657.969,Racing Bulls,MEDIUM,4.0,14.0,1,clock exclusion: 14:35:00-15:10:00; minimum position samples/lap: 50
Circuit de Monaco,fastf1_2026_monaco_grand_prix,LIN,41,3,3,80.628,2026-06-07 13:06:09.484,3497.225,3577.853,Racing Bulls,MEDIUM,3.0,15.0,1,clock exclusion: 14:35:00-15:10:00; minimum position samples/lap: 50
Circuit de Monaco,fastf1_2026_monaco_grand_prix,COL,43,1,5,80.084,2026-06-07 13:08:48.653,3656.394,3736.478,Alpine,MEDIUM,5.0,13.0,1,clock exclusion: 14:35:00-15:10:00; minimum position samples/lap: 50
Circuit de Monaco,fastf1_2026_monaco_grand_prix,COL,43,2,4,80.159,2026-06-07 13:07:28.494,3576.235,3656.394,Alpine,MEDIUM,4.0,13.0,1,clock exclusion: 14:35:00-15:10:00; minimum position samples/lap: 50
Circuit de Monaco,fastf1_2026_monaco_grand_prix,COL,43,3,3,80.483,2026-06-07 13:06:08.011,3495.752,3576.235,Alpine,MEDIUM,3.0,13.0,1,clock exclusion: 14:35:00-15:10:00; minimum position samples/lap: 50
Circuit de Monaco,fastf1_2026_monaco_grand_prix,HAM,44,1,5,77.058,2026-06-07 13:08:29.963,3637.704,3714.762,Ferrari,MEDIUM,5.0,2.0,1,clock exclusion: 14:35:00-15:10:00; minimum position samples/lap: 50
Circuit de Monaco,fastf1_2026_monaco_grand_prix,HAM,44,2,4,77.078,2026-06-07 13:07:12.885,3560.626,3637.704,Ferrari,MEDIUM,4.0,2.0,1,clock exclusion: 14:35:00-15:10:00; minimum position samples/lap: 50
Circuit de Monaco,fastf1_2026_monaco_grand_prix,HAM,44,3,3,77.678,2026-06-07 13:05:55.207,3482.948,3560.626,Ferrari,MEDIUM,3.0,2.0,1,clock exclusion: 14:35:00-15:10:00; minimum position samples/lap: 50
Circuit de Monaco,fastf1_2026_monaco_grand_prix,SAI,55,1,5,79.896,2026-06-07 13:08:47.238,3654.979,3734.875,Williams,MEDIUM,5.0,11.0,1,clock exclusion: 14:35:00-15:10:00; minimum position samples/lap: 50
Circuit de Monaco,fastf1_2026_monaco_grand_prix,SAI,55,2,4,80.153,2026-06-07 13:07:27.085,3574.826,3654.979,Williams,MEDIUM,4.0,11.0,1,clock exclusion: 14:35:00-15:10:00; minimum position samples/lap: 50
Circuit de Monaco,fastf1_2026_monaco_grand_prix,SAI,55,3,3,80.513,2026-06-07 13:06:06.572,3494.313,3574.826,Williams,MEDIUM,3.0,11.0,1,clock exclusion: 14:35:00-15:10:00; minimum position samples/lap: 50
Circuit de Monaco,fastf1_2026_monaco_grand_prix,RUS,63,1,5,77.598,2026-06-07 13:08:36.335,3644.076,3721.674,Mercedes,MEDIUM,5.0,5.0,1,clock exclusion: 14:35:00-15:10:00; minimum position samples/lap: 50
Circuit de Monaco,fastf1_2026_monaco_grand_prix,RUS,63,2,4,78.097,2026-06-07 13:07:18.238,3565.979,3644.076,Mercedes,MEDIUM,4.0,5.0,1,clock exclusion: 14:35:00-15:10:00; minimum position samples/lap: 50
Circuit de Monaco,fastf1_2026_monaco_grand_prix,RUS,63,3,3,78.411,2026-06-07 13:05:59.827,3487.568,3565.979,Mercedes,MEDIUM,3.0,5.0,1,clock exclusion: 14:35:00-15:10:00; minimum position samples/lap: 50
Circuit de Monaco,fastf1_2026_monaco_grand_prix,BOT,77,1,4,81.609,2026-06-07 13:07:56.154,3603.895,3685.504,Cadillac,MEDIUM,3.0,19.0,1,clock exclusion: 14:35:00-15:10:00; minimum position samples/lap: 50
Circuit de Monaco,fastf1_2026_monaco_grand_prix,BOT,77,2,3,81.753,2026-06-07 13:06:34.401,3522.142,3603.895,Cadillac,MEDIUM,2.0,19.0,1,clock exclusion: 14:35:00-15:10:00; minimum position samples/lap: 50
Circuit de Monaco,fastf1_2026_monaco_grand_prix,BOT,77,3,5,81.912,2026-06-07 13:09:17.763,3685.504,3767.416,Cadillac,MEDIUM,4.0,19.0,1,clock exclusion: 14:35:00-15:10:00; minimum position samples/lap: 50
Circuit de Monaco,fastf1_2026_monaco_grand_prix,PIA,81,1,5,78.072,2026-06-07 13:08:40.601,3648.342,3726.414,McLaren,MEDIUM,5.0,6.0,1,clock exclusion: 14:35:00-15:10:00; minimum position samples/lap: 50
Circuit de Monaco,fastf1_2026_monaco_grand_prix,PIA,81,2,4,78.886,2026-06-07 13:07:21.715,3569.456,3648.342,McLaren,MEDIUM,4.0,6.0,1,clock exclusion: 14:35:00-15:10:00; minimum position samples/lap: 50
Circuit de Monaco,fastf1_2026_monaco_grand_prix,PIA,81,3,3,79.776,2026-06-07 13:06:01.939,3489.680,3569.456,McLaren,MEDIUM,3.0,6.0,1,clock exclusion: 14:35:00-15:10:00; minimum position samples/lap: 50
Circuit de Monaco,fastf1_2026_monaco_grand_prix,BEA,87,1,3,79.274,2026-06-07 13:06:38.570,3526.311,3605.585,Haas F1 Team,HARD,2.0,21.0,1,clock exclusion: 14:35:00-15:10:00; minimum position samples/lap: 50
Circuit de Monaco,fastf1_2026_monaco_grand_prix,BEA,87,2,4,81.021,2026-06-07 13:07:57.844,3605.585,3686.606,Haas F1 Team,HARD,3.0,21.0,1,clock exclusion: 14:35:00-15:10:00; minimum position samples/lap: 50
Circuit de Monaco,fastf1_2026_monaco_grand_prix,BEA,87,3,5,81.826,2026-06-07 13:09:18.865,3686.606,3768.432,Haas F1 Team,HARD,4.0,21.0,1,clock exclusion: 14:35:00-15:10:00; minimum position samples/lap: 50
